system,split,configs,num_performances,performances,sdc_avg,sdc_std,best_avg,best_std,average_avg,average_std,overall_avg,overall_std,metric_avg,metric_std,common_avg,common_std,random_avg,random_std
gcc,0,0,1,exec,0.09378324162915595,0.14700441261963712,0.0,0.0,0.3239130630201937,0.039781802595465675,0.2721845381079008,0.14166375767814549,0.2721845381079008,0.14166375767814549,0.2683119786805039,0.1340145011748584,0.18066951329210118,0.16231989875205793
gcc,1,0,1,exec,0.08560908456475783,0.15044629974650212,0.0,0.0,0.31966762178929087,0.029076140066816088,0.042329068874215774,0.03921271166038464,0.042329068874215774,0.03921271166038464,0.3759029681799987,0.14801287163743138,0.31649328808363675,0.22945455518574598
gcc,2,0,1,exec,0.06430979219376787,0.13105757567690063,0.0,0.0,0.37027576180885563,0.07563460378394118,0.3049579864287332,0.04623427760382971,0.3049579864287332,0.04623427760382971,0.29168268988716983,0.03274239835866244,0.3516226642952586,0.35563063122322036
gcc,3,0,1,exec,0.20484445303722407,0.2282596358548327,0.0,0.0,0.4105496514964539,0.0977209525712154,0.4863335381004067,0.2648303965819352,0.4863335381004067,0.2648303965819352,0.4940781978101495,0.2717418683935925,0.4944019338637401,0.3457523765930938
gcc,4,0,1,exec,0.06186650940099366,0.11145359548806572,0.0,0.0,0.29326958853036983,0.0465345296411654,0.17949703106166864,0.13074826203604617,0.17949703106166864,0.13074826203604617,0.1733823038949934,0.12917997667182243,0.23653934090981868,0.2042583093213003
gcc,0,0,1,ctime,0.11205962301868226,0.07378687886890634,0.0,0.0,0.38937773527455494,0.06763569950118904,0.5705441382043069,0.13492950881737154,0.5705441382043069,0.13492950881737154,0.4568906718985131,0.09516088050340121,0.37229549897535064,0.24370772384857722
gcc,1,0,1,ctime,0.14741097257726155,0.09169043699940461,0.0,0.0,0.42056103670195943,0.07412085704737262,0.6120488276206254,0.11012733633428115,0.6120488276206254,0.11012733633428115,0.56820102657548,0.18460514850311088,0.4250361551746761,0.27162465806567776
gcc,2,0,1,ctime,0.1413742799508876,0.09478332564875619,0.0,0.0,0.41825095866223905,0.06180709425054693,0.4177691728035344,0.12022770291367278,0.4177691728035344,0.12022770291367278,0.492429043347938,0.11247565898208163,0.40439937277131627,0.29245243455381276
gcc,3,0,1,ctime,0.11234272159317633,0.06552603363190622,0.0,0.0,0.39496267574243016,0.040259409275051034,0.4195460691898,0.08843180935229124,0.4195460691898,0.08843180935229124,0.4320613904205449,0.09940270404401842,0.36290743508142986,0.1843502653240753
gcc,4,0,1,ctime,0.1302753126260589,0.08891736367325058,0.0,0.0,0.40069450333559475,0.0466506590112292,0.4875217890889532,0.07359904134808157,0.4875217890889532,0.07359904134808157,0.449777280672803,0.05713079195151567,0.3828846825115482,0.22012488364031907
gcc,0,0,1,size,0.0029953982704335313,0.006061209110022867,0.0,0.0,0.17256125717996407,0.044082327641027035,0.0029953982704335313,0.006061209110022867,0.0029953982704335313,0.006061209110022867,0.0029953982704335313,0.006061209110022867,0.2209934422675262,0.346927801500143
gcc,1,0,1,size,0.002030456852791878,0.0045402395482229225,0.0,0.0,0.21814300832470462,0.04239961424909116,0.002030456852791878,0.0045402395482229225,0.002030456852791878,0.0045402395482229225,0.002030456852791878,0.0045402395482229225,0.15098252689153788,0.27291249542863044
gcc,2,0,1,size,0.0,0.0,0.0,0.0,0.20852573169404848,0.04137586386114711,0.0,0.0,0.0,0.0,0.0,0.0,0.3597746587845598,0.4287196775719744
gcc,3,0,1,size,0.04563279857397504,0.10203803961496367,0.0,0.0,0.19180379225787555,0.08161546520437106,0.04563279857397504,0.10203803961496367,0.04563279857397504,0.10203803961496367,0.04563279857397504,0.10203803961496367,0.2204489745845875,0.34536963710578256
gcc,4,0,1,size,0.0,0.0,0.0,0.0,0.17866521597214666,0.051801477238661874,0.0,0.0,0.0,0.0,0.0,0.0,0.28701700939324704,0.36289245051409086
gcc,0,0,1,exec,0.09378324162915595,0.14700441261963712,0.0,0.0,0.3239130630201937,0.039781802595465675,0.2721845381079008,0.14166375767814549,0.2721845381079008,0.14166375767814549,0.2683119786805039,0.1340145011748584,0.38872111836717443,0.31912829549378335
gcc,1,0,1,exec,0.08560908456475783,0.15044629974650212,0.0,0.0,0.31966762178929087,0.029076140066816088,0.042329068874215774,0.03921271166038464,0.042329068874215774,0.03921271166038464,0.3759029681799987,0.14801287163743138,0.24389529071367338,0.24509115597153314
gcc,2,0,1,exec,0.06430979219376787,0.13105757567690063,0.0,0.0,0.37027576180885563,0.07563460378394118,0.3049579864287332,0.04623427760382971,0.3049579864287332,0.04623427760382971,0.29168268988716983,0.03274239835866244,0.4355874157925771,0.35690102388992345
gcc,3,0,1,exec,0.20484445303722407,0.2282596358548327,0.0,0.0,0.4105496514964539,0.0977209525712154,0.4863335381004067,0.2648303965819352,0.4863335381004067,0.2648303965819352,0.4940781978101495,0.2717418683935925,0.4489708848677801,0.310405961479398
gcc,4,0,1,exec,0.06186650940099366,0.11145359548806572,0.0,0.0,0.29326958853036983,0.0465345296411654,0.17949703106166864,0.13074826203604617,0.17949703106166864,0.13074826203604617,0.1733823038949934,0.12917997667182243,0.15312699747077774,0.14296557527891895
gcc,0,0,2,exec-ctime,0.2991118990619792,0.21203508755318282,0.1555404375639672,0.037158231900066084,0.5756322175151216,0.05489380290429202,0.4987392034272371,0.09295490370306185,0.4987392034272371,0.09295490370306185,0.4750454253572312,0.06055280132697002,0.512316184552555,0.24763342794027116
gcc,1,0,2,exec-ctime,0.37573286419020524,0.041215257931108217,0.1497034015105574,0.07009613749448192,0.5864151014853878,0.06422288582055326,0.44237144008446644,0.08609535482654028,0.44237144008446644,0.08609535482654028,0.5730755135549889,0.17681023535292403,0.47230699742015925,0.2489917862912499
gcc,2,0,2,exec-ctime,0.25544282128844253,0.08072860834980795,0.18027669556217468,0.09213070171416265,0.6151096976700661,0.07476339703661748,0.5498691262497866,0.2907010118063962,0.5498691262497866,0.2907010118063962,0.492429043347938,0.11247565898208163,0.6259085243045013,0.2694042814378183
gcc,3,0,2,exec-ctime,0.3619279682688671,0.33600016725913845,0.20265166180892713,0.11131459788002881,0.604236917580411,0.06476674383112489,0.6029714611517314,0.24207422662253125,0.6029714611517314,0.24207422662253125,0.5608452877664192,0.24683344406206897,0.5832532862005174,0.23643024212753927
gcc,4,0,2,exec-ctime,0.2226543495400136,0.10884078330108804,0.14365443871285957,0.040812234816581514,0.559653598401321,0.021692551982938096,0.39712196237977515,0.06303533074466809,0.39712196237977515,0.06303533074466809,0.449777280672803,0.05713079195151567,0.5278128740126206,0.21373192530445523
gcc,0,0,3,exec-ctime-size,0.2991118990619792,0.21203508755318282,0.1555404375639672,0.037158231900066084,0.5886524859218589,0.0625789870048796,0.4987392034272371,0.09295490370306185,0.4987392034272371,0.09295490370306185,0.4750454253572312,0.06055280132697002,0.6619452910291933,0.3044991591426728
gcc,1,0,3,exec-ctime-size,0.37573286419020524,0.041215257931108217,0.1557726587138352,0.06385585348657864,0.6145228647352533,0.07329469457040481,0.24856267826520922,0.0865912472094531,0.24856267826520922,0.0865912472094531,0.5730755135549889,0.17681023535292403,0.6130207119278483,0.21970408043104672
gcc,2,0,3,exec-ctime-size,0.25544282128844253,0.08072860834980795,0.18027669556217468,0.09213070171416265,0.6411700295278323,0.07473401665834697,0.21739110338145648,0.06281366913215478,0.21739110338145648,0.06281366913215478,0.492429043347938,0.11247565898208163,0.6053377985938105,0.22201899357157348
gcc,3,0,3,exec-ctime-size,0.3619279682688671,0.33600016725913845,0.20265166180892713,0.11131459788002881,0.6175270542666036,0.05768859407461362,0.27335459990557437,0.11401798593199021,0.27335459990557437,0.11401798593199021,0.5608452877664192,0.24683344406206897,0.6006623306659181,0.2016005523725697
gcc,4,0,3,exec-ctime-size,0.2226543495400136,0.10884078330108804,0.14365443871285957,0.040812234816581514,0.5762724520698089,0.022169943308579777,0.23600615027994745,0.05324570517833629,0.23600615027994745,0.05324570517833629,0.449777280672803,0.05713079195151567,0.6678427124757969,0.26286447911126837
imagemagick,0,0,1,size,0.00620013081005003,0.02563782058237259,0.0,0.0,0.37617372978956815,0.06402879034078186,0.8995644224568753,0.07825910628217995,0.8995644224568753,0.07825910628217995,0.8995644224568753,0.07825910628217995,0.3481942045707286,0.19429658059223923
imagemagick,1,0,1,size,0.0037619194609331197,0.020965118357617052,0.0,0.0,0.3850777533123686,0.05612207648853845,0.9091896451429998,0.06644253971744182,0.9091896451429998,0.06644253971744182,0.9091896451429998,0.06644253971744182,0.4188838053736837,0.22100489410704902
imagemagick,2,0,1,size,0.004070664186322565,0.02479543330356758,0.0,0.0,0.3780578911163872,0.05970391236237949,0.8988087833167995,0.07735636901001676,0.8988087833167995,0.07735636901001676,0.8988087833167995,0.07735636901001676,0.4005901692643123,0.3085877625888864
imagemagick,3,0,1,size,0.0032374527972835044,0.025000903251226204,0.0,0.0,0.3726015740316788,0.06051193694394684,0.8962920186102221,0.0713618815678643,0.8962920186102221,0.0713618815678643,0.8962920186102221,0.0713618815678643,0.3062369027898792,0.25928923267053045
imagemagick,4,0,1,size,0.003901208280475951,0.018284941346062265,0.0,0.0,0.37463987845859775,0.06056521807578344,0.9055243336524406,0.0690843168388742,0.9055243336524406,0.0690843168388742,0.9055243336524406,0.0690843168388742,0.3869837590486808,0.29830864119908246
imagemagick,0,0,1,time,0.014689525893514856,0.03029671714419726,0.0,0.0,0.452576503023906,0.015307854368853336,0.06999674867688106,0.047911927978178934,0.06999674867688106,0.047911927978178934,0.8865514213757791,0.056176624910384734,0.22344994327474393,0.2711973286706152
imagemagick,1,0,1,time,0.020478587800453668,0.03705687033169427,0.0,0.0,0.4530830409902248,0.015749775230653552,0.06722222756034978,0.038234570561400776,0.06722222756034978,0.038234570561400776,0.8863913315666647,0.058563325906734624,0.42371199635010554,0.37317449838393946
imagemagick,2,0,1,time,0.021204259172963157,0.04261472122370316,0.0,0.0,0.45179023978113675,0.015877978620673163,0.06789486289974056,0.04694959833296023,0.06789486289974056,0.04694959833296023,0.8809286643558845,0.06188243157207019,0.4558698621624989,0.37577858988625157
imagemagick,3,0,1,time,0.01868205075883767,0.04244378733965303,0.0,0.0,0.4523180505481364,0.01669272196042942,0.0623428326989634,0.039868522924810065,0.0623428326989634,0.039868522924810065,0.8794650046070877,0.061131601935865906,0.6537927411348632,0.36101043939545785
imagemagick,4,0,1,time,0.017035929500560466,0.0355479501524949,0.0,0.0,0.45169358636291385,0.015779166693551495,0.06785430968404572,0.04615720324822725,0.06785430968404572,0.04615720324822725,0.8831517481972229,0.06228052105126007,0.4097360796431251,0.3834643549852265
imagemagick,0,0,1,size,0.00620013081005003,0.02563782058237259,0.0,0.0,0.37617372978956815,0.06402879034078186,0.8995644224568753,0.07825910628217995,0.8995644224568753,0.07825910628217995,0.8995644224568753,0.07825910628217995,0.4020727882394917,0.1979162863372705
imagemagick,1,0,1,size,0.0037619194609331197,0.020965118357617052,0.0,0.0,0.3850777533123686,0.05612207648853845,0.9091896451429998,0.06644253971744182,0.9091896451429998,0.06644253971744182,0.9091896451429998,0.06644253971744182,0.4160858804724502,0.27289286088611175
imagemagick,2,0,1,size,0.004070664186322565,0.02479543330356758,0.0,0.0,0.3780578911163872,0.05970391236237949,0.8988087833167995,0.07735636901001676,0.8988087833167995,0.07735636901001676,0.8988087833167995,0.07735636901001676,0.4775288873931437,0.2617106454552874
imagemagick,3,0,1,size,0.0032374527972835044,0.025000903251226204,0.0,0.0,0.3726015740316788,0.06051193694394684,0.8962920186102221,0.0713618815678643,0.8962920186102221,0.0713618815678643,0.8962920186102221,0.0713618815678643,0.4381522061398899,0.2774761673291138
imagemagick,4,0,1,size,0.003901208280475951,0.018284941346062265,0.0,0.0,0.37463987845859775,0.06056521807578344,0.9055243336524406,0.0690843168388742,0.9055243336524406,0.0690843168388742,0.9055243336524406,0.0690843168388742,0.3679429330627322,0.23303984767393202
imagemagick,0,0,2,size-time,0.02960566532766813,0.046100758715822025,0.017996228232263215,0.017209639322244497,0.5846590568736015,0.0417681458239881,0.8995644224568753,0.07825910628217995,0.8995644224568753,0.07825910628217995,0.9234868524520111,0.052669842818455555,0.6485813596208432,0.2942019591916152
imagemagick,1,0,2,size-time,0.03457211401866187,0.049937171374932275,0.017541466004548263,0.015563994732941828,0.5888770071086481,0.03869429984930087,0.9091896451429998,0.06644253971744182,0.9091896451429998,0.06644253971744182,0.9296278474768627,0.04502121153348839,0.6133568197671477,0.31961421170712245
imagemagick,2,0,2,size-time,0.03017724518870575,0.04076364291296247,0.018310174971888568,0.019311254079965767,0.584620421225648,0.03972647117697117,0.9030266649491697,0.052596320081844256,0.9030266649491697,0.052596320081844256,0.9230948358000802,0.04954736218819479,0.4050092704796593,0.274350886546241
imagemagick,3,0,2,size-time,0.02802188837856104,0.0445276322139776,0.016636090329988484,0.016593143147080682,0.5820538619616084,0.03857061081760127,0.8962920186102221,0.0713618815678643,0.8962920186102221,0.0713618815678643,0.9216912580274519,0.0477002327150731,0.6542683991286885,0.25670637625152376
imagemagick,4,0,2,size-time,0.02908589689346754,0.03557985000511124,0.017837639830026,0.016501414861917522,0.5828581076091278,0.039556120329049385,0.9055243336524406,0.0690843168388742,0.9055243336524406,0.0690843168388742,0.9256543741164094,0.04935684854088537,0.3976952921987981,0.23921909506469
lingeling,0,0,1,reductions,0.5082977311865395,0.31822370716600634,0.0,0.0,0.5300331562636252,0.1318723883078077,0.5649429424625394,0.2733792001737794,0.5649429424625394,0.2733792001737794,0.5382726998974281,0.30504095204429316,0.5417344362156956,0.2993517922842919
lingeling,1,0,1,reductions,0.44705988455988455,0.31839685641675414,0.0,0.0,0.5195344908714474,0.15756043513175752,0.52069687558818,0.365529982999133,0.52069687558818,0.365529982999133,0.5304214505301462,0.3721876843271589,0.5021354068636678,0.33558302415233304
lingeling,2,0,1,reductions,0.5282937167152668,0.31677840870541074,0.0,0.0,0.5470430743204845,0.17870241868329664,0.5185372720816954,0.3209812574041031,0.5185372720816954,0.3209812574041031,0.530402367358889,0.33649776515461755,0.5510222775660709,0.3396152104888023
lingeling,3,0,1,reductions,0.55540557093809,0.3198200269204374,0.0,0.0,0.5512278085964348,0.20310569553051458,0.587111637289877,0.3010247674320036,0.587111637289877,0.3010247674320036,0.5436315666358933,0.3065370165598365,0.5623566994744315,0.3158741060450246
lingeling,4,0,1,reductions,0.510686837317272,0.35047602171148157,0.0,0.0,0.5622336642825774,0.19051334184862317,0.625686994165255,0.31824016413101336,0.625686994165255,0.31824016413101336,0.5230574377313507,0.34510627124500826,0.5590374239287283,0.3364057057433087
lingeling,0,0,1,cps,0.4772740814312233,0.3210601575461961,0.0,0.0,0.546109219626862,0.12854906154373236,0.48109836782251475,0.2908415042504016,0.48109836782251475,0.2908415042504016,0.5662888389586476,0.27445907074134934,0.5623905882081189,0.27234037333150357
lingeling,1,0,1,cps,0.46922290245298,0.2528569416148903,0.0,0.0,0.5363764154397664,0.10646301383168365,0.4624782600154072,0.24833193686132898,0.4624782600154072,0.24833193686132898,0.5639081182329875,0.25980459858218796,0.5269921861035051,0.24439851206450275
lingeling,2,0,1,cps,0.5386680788678829,0.3069744676841151,0.0,0.0,0.5583305624178275,0.14230595464762327,0.5094210755814444,0.2752000348642604,0.5094210755814444,0.2752000348642604,0.5547557338171417,0.27496198835054997,0.5512939046759047,0.2842745351036739
lingeling,3,0,1,cps,0.4948888338096277,0.23966949455308337,0.0,0.0,0.54140146514771,0.1408360322480325,0.5167575619515576,0.26687088989760743,0.5167575619515576,0.26687088989760743,0.5114974748051981,0.25531553153193964,0.5441029507613879,0.25256377849873596
lingeling,4,0,1,cps,0.4417677292353572,0.27104995632247725,0.0,0.0,0.5383204095710764,0.14487760528792018,0.4529403645592414,0.2805308726464004,0.4529403645592414,0.2805308726464004,0.534842523124315,0.26383349758215763,0.5480929625223949,0.2751864542379623
lingeling,0,0,1,conflicts,0.48955046322211193,0.2694098420996532,0.0,0.0,0.5645439803686666,0.137677466433619,0.5505616651163207,0.3155699031406042,0.5505616651163207,0.3155699031406042,0.5907290585124496,0.28030208158756814,0.5819349171386252,0.2801409022916493
lingeling,1,0,1,conflicts,0.42993630055758614,0.2543099376638821,0.0,0.0,0.5326644334470102,0.13078734279453408,0.5221743645143545,0.2701316218025092,0.5221743645143545,0.2701316218025092,0.5575314492021409,0.2696772578364055,0.5398301939530443,0.2618991209346238
lingeling,2,0,1,conflicts,0.48058190850039356,0.3350241154226826,0.0,0.0,0.5769955860419446,0.15034144994989349,0.5428537766109183,0.2842915810190926,0.5428537766109183,0.2842915810190926,0.5773728520055424,0.2864303530490956,0.5880874158502474,0.2819761898663477
lingeling,3,0,1,conflicts,0.47330498841003665,0.3051036215986089,0.0,0.0,0.5638490820293203,0.17232271403091345,0.47895814580763657,0.30877079854661277,0.47895814580763657,0.30877079854661277,0.5353434212077471,0.2730637424494033,0.5633189958529351,0.2803830839630365
lingeling,4,0,1,conflicts,0.4148538996741422,0.2950818363922453,0.0,0.0,0.5397010867363475,0.14631464277623052,0.5270958326704288,0.26842001513596175,0.5270958326704288,0.26842001513596175,0.5408140264521524,0.26218070085552186,0.5577773466299817,0.26803681254499806
lingeling,0,0,1,reductions,0.5082977311865395,0.31822370716600634,0.0,0.0,0.5300331562636252,0.1318723883078077,0.5649429424625394,0.2733792001737794,0.5649429424625394,0.2733792001737794,0.5382726998974281,0.30504095204429316,0.5436170506836553,0.2989435579624032
lingeling,1,0,1,reductions,0.44705988455988455,0.31839685641675414,0.0,0.0,0.5195344908714474,0.15756043513175752,0.52069687558818,0.365529982999133,0.52069687558818,0.365529982999133,0.5304214505301462,0.3721876843271589,0.5035079051383399,0.34427162204058964
lingeling,2,0,1,reductions,0.5282937167152668,0.31677840870541074,0.0,0.0,0.5470430743204845,0.17870241868329664,0.5185372720816954,0.3209812574041031,0.5185372720816954,0.3209812574041031,0.530402367358889,0.33649776515461755,0.5498341124207539,0.3323213701058458
lingeling,3,0,1,reductions,0.55540557093809,0.3198200269204374,0.0,0.0,0.5512278085964348,0.20310569553051458,0.587111637289877,0.3010247674320036,0.587111637289877,0.3010247674320036,0.5436315666358933,0.3065370165598365,0.5634285652657174,0.31736493832965257
lingeling,4,0,1,reductions,0.510686837317272,0.35047602171148157,0.0,0.0,0.5622336642825774,0.19051334184862317,0.625686994165255,0.31824016413101336,0.625686994165255,0.31824016413101336,0.5230574377313507,0.34510627124500826,0.5726140807662546,0.3224240389186228
lingeling,0,0,2,reductions-cps,0.5970481373667907,0.2697102532933202,0.04509493388067996,0.13417435076088316,0.6229194481247659,0.1372451338929879,0.639346516133937,0.2892552184716616,0.639346516133937,0.2892552184716616,0.643843181389045,0.28199935816794097,0.6089024981411332,0.28509023984802556
lingeling,1,0,2,reductions-cps,0.5622312364857079,0.2718627634215256,0.05944998058728291,0.14156132300189583,0.6288539542105512,0.13606808646162213,0.5261615443886648,0.26009247977816846,0.5261615443886648,0.26009247977816846,0.6511831164620411,0.3072187656234659,0.6381768394393708,0.26420333955696673
lingeling,2,0,2,reductions-cps,0.5705929038044871,0.3341095477199819,0.067848350376747,0.1547496227279616,0.6517613446077382,0.15079429196524782,0.5653070637022788,0.29349378239018065,0.5653070637022788,0.29349378239018065,0.641185810614653,0.2800908474131112,0.6392488313800951,0.29154503071665544
lingeling,3,0,2,reductions-cps,0.5797253184966487,0.2308881498636426,0.06822885782612674,0.1630655021513471,0.6306418952196132,0.17793836110804345,0.571723676364068,0.3038392389669779,0.571723676364068,0.3038392389669779,0.6076343607560344,0.2868017454457362,0.643008926614707,0.2866842110095302
lingeling,4,0,2,reductions-cps,0.5611554178657989,0.32428855757387665,0.03706183836120692,0.10759574321574192,0.6327340611269612,0.1866009840470637,0.5457317930273095,0.30831122978438147,0.5457317930273095,0.30831122978438147,0.6022439554910523,0.2938191753849246,0.6168413783301431,0.31168192776903886
lingeling,0,0,3,reductions-cps-conflicts,0.645525301887497,0.26531425937916575,0.05033818536294186,0.14279612635002925,0.6300881345818559,0.14279849250465634,0.6428277976668482,0.2837105932632316,0.6428277976668482,0.2837105932632316,0.6493560083660608,0.2832055490996166,0.6220209368230771,0.2929300561300498
lingeling,1,0,3,reductions-cps-conflicts,0.5515245343822981,0.28185373080429044,0.05970089830081169,0.14147362865263768,0.6334035232727658,0.13686425370437189,0.6599701376306204,0.28360202794860184,0.6599701376306204,0.28360202794860184,0.6540968742324043,0.3067387230235324,0.6355441322191118,0.27598389028302933
lingeling,2,0,3,reductions-cps-conflicts,0.6217396579095967,0.310426210163671,0.06855480339722675,0.1546946781249256,0.6559122343218737,0.15210332399326448,0.6868892990644445,0.25464790804936804,0.6868892990644445,0.25464790804936804,0.6452054875366358,0.2818280385512325,0.6442279212758103,0.2776979920640798
lingeling,3,0,3,reductions-cps-conflicts,0.5014353791661251,0.2795201498607227,0.07167284369085251,0.17004621427756572,0.6368757403000452,0.18032536541538466,0.6713409222044683,0.2745012896410408,0.6713409222044683,0.2745012896410408,0.6141304189292176,0.2868702884893372,0.6618142427032724,0.2883667431050525
lingeling,4,0,3,reductions-cps-conflicts,0.5145309558842093,0.33800665378822736,0.03919522314895746,0.1125133921881233,0.6365774161268831,0.18652083978963713,0.6843298756736648,0.2833080549387031,0.6843298756736648,0.2833080549387031,0.6085756002197646,0.29017617269672075,0.646354450969226,0.29338698529401097
nodejs,0,0,1,ops,0.26181558468488425,0.3211141776519493,0.0,0.0,0.5331540352308736,0.11172654042315297,0.2619571159829772,0.3012680231835344,0.2619571159829772,0.3012680231835344,0.2425275168710979,0.30299394345631153,0.5554616526842393,0.40234488334480667
nodejs,1,0,1,ops,0.2399653362378246,0.2910264408076645,0.0,0.0,0.5330187937598028,0.13035352536195233,0.2985304152905879,0.3256088685075878,0.2985304152905879,0.3256088685075878,0.24781480512153597,0.30695004386282754,0.5753646830363492,0.392494610184316
nodejs,2,0,1,ops,0.233711706417392,0.2932590130538261,0.0,0.0,0.5399540164744936,0.12288778553183073,0.3088971605376047,0.3321026972230864,0.3088971605376047,0.3321026972230864,0.25763261099711554,0.30680153331244886,0.474879462417886,0.39906021887266124
nodejs,3,0,1,ops,0.22174541384476534,0.28036931879171695,0.0,0.0,0.5273884039000396,0.12496216644591582,0.7589527571649824,0.3232547127686903,0.7589527571649824,0.3232547127686903,0.2440423099836086,0.2968489119549203,0.46102620120749116,0.3945590910110161
nodejs,4,0,1,ops,0.23951284173866016,0.2863105443164776,0.0,0.0,0.5315063241082545,0.1260327759082637,0.752239800095704,0.3272596022661982,0.752239800095704,0.3272596022661982,0.264132517303045,0.30984210393269795,0.6257091209018001,0.38254801470858596
nodejs,0,0,1,ops,0.26181558468488425,0.3211141776519493,0.0,0.0,0.5331540352308736,0.11172654042315297,0.2619571159829772,0.3012680231835344,0.2619571159829772,0.3012680231835344,0.2425275168710979,0.30299394345631153,0.46206933985665916,0.39901191876273356
nodejs,1,0,1,ops,0.2399653362378246,0.2910264408076645,0.0,0.0,0.5330187937598028,0.13035352536195233,0.2985304152905879,0.3256088685075878,0.2985304152905879,0.3256088685075878,0.24781480512153597,0.30695004386282754,0.508135548896979,0.3952903911371167
nodejs,2,0,1,ops,0.233711706417392,0.2932590130538261,0.0,0.0,0.5399540164744936,0.12288778553183073,0.3088971605376047,0.3321026972230864,0.3088971605376047,0.3321026972230864,0.25763261099711554,0.30680153331244886,0.7188162644533894,0.34992552109633834
nodejs,3,0,1,ops,0.22174541384476534,0.28036931879171695,0.0,0.0,0.5273884039000396,0.12496216644591582,0.7589527571649824,0.3232547127686903,0.7589527571649824,0.3232547127686903,0.2440423099836086,0.2968489119549203,0.5088805491323941,0.3994514393112232
nodejs,4,0,1,ops,0.23951284173866016,0.2863105443164776,0.0,0.0,0.5315063241082545,0.1260327759082637,0.752239800095704,0.3272596022661982,0.752239800095704,0.3272596022661982,0.264132517303045,0.30984210393269795,0.4229495029974501,0.38271679907519274
poppler,0,0,1,size,0.2357819887009142,0.40304707974476434,0.0,0.0,0.46480971443497704,0.06756615056373531,0.34977448063966415,0.4401532678391564,0.34977448063966415,0.4401532678391564,0.34977448063966415,0.4401532678391564,0.4289249759322422,0.4614947034534934
poppler,1,0,1,size,0.21784726767873774,0.38450145617177883,0.0,0.0,0.4636408257957969,0.06863531552838668,0.32332458698507094,0.4305946882708381,0.32332458698507094,0.4305946882708381,0.32332458698507094,0.4305946882708381,0.5094575577357602,0.4585836337379546
poppler,2,0,1,size,0.23158765063793751,0.3954470763977046,0.0,0.0,0.46592280301584427,0.06268903148239646,0.30855389371089004,0.43703270702684677,0.30855389371089004,0.43703270702684677,0.30855389371089004,0.43703270702684677,0.5055796445915164,0.45213100606909007
poppler,3,0,1,size,0.21170010197891867,0.3855783407290584,0.0,0.0,0.4564840029280949,0.07108873751644618,0.29546630406727653,0.420415720416426,0.29546630406727653,0.420415720416426,0.29546630406727653,0.420415720416426,0.37414588099873,0.44885853720015956
poppler,4,0,1,size,0.2622502424385617,0.41677318760879023,0.0,0.0,0.4695328434968059,0.07106475756140236,0.3361824470706856,0.4414220192477327,0.3361824470706856,0.4414220192477327,0.3361824470706856,0.4414220192477327,0.44508035170646554,0.45766269651463537
poppler,0,0,1,time,0.07371528787017378,0.16138983587026456,0.0,0.0,0.37683499300235207,0.11755005248322573,0.3151473834656952,0.381043049205871,0.3151473834656952,0.381043049205871,0.3151473834656952,0.381043049205871,0.3625692645473925,0.4118358691542917
poppler,1,0,1,time,0.07685872571898808,0.16889844634334938,0.0,0.0,0.38527191768065927,0.125678201077111,0.3450795493754939,0.3983332066764994,0.3450795493754939,0.3983332066764994,0.3450795493754939,0.3983332066764994,0.4230101697391688,0.4092386693201905
poppler,2,0,1,time,0.0710237405354812,0.1621119793815686,0.0,0.0,0.38539869932455445,0.1165442238263652,0.3065708500476586,0.36613470349754074,0.3065708500476586,0.36613470349754074,0.3065708500476586,0.36613470349754074,0.41588794180741273,0.4228663055035547
poppler,3,0,1,time,0.07954399387457353,0.17559907157392815,0.0,0.0,0.3919473693054783,0.11611293700654628,0.26961189395454066,0.3445342155916098,0.26961189395454066,0.3445342155916098,0.26961189395454066,0.3445342155916098,0.3581709911295566,0.4045367328579031
poppler,4,0,1,time,0.08118312126900294,0.15789724741065686,0.0,0.0,0.3864215534924915,0.11526242019701216,0.3094837240141773,0.38423051369465916,0.3094837240141773,0.38423051369465916,0.3094837240141773,0.38423051369465916,0.39708047478865316,0.4051980464675562
poppler,0,0,1,size,0.2357819887009142,0.40304707974476434,0.0,0.0,0.46480971443497704,0.06756615056373531,0.34977448063966415,0.4401532678391564,0.34977448063966415,0.4401532678391564,0.34977448063966415,0.4401532678391564,0.4288843216057072,0.4627384014717285
poppler,1,0,1,size,0.21784726767873774,0.38450145617177883,0.0,0.0,0.4636408257957969,0.06863531552838668,0.32332458698507094,0.4305946882708381,0.32332458698507094,0.4305946882708381,0.32332458698507094,0.4305946882708381,0.4084291503581495,0.4463212580355786
poppler,2,0,1,size,0.23158765063793751,0.3954470763977046,0.0,0.0,0.46592280301584427,0.06268903148239646,0.30855389371089004,0.43703270702684677,0.30855389371089004,0.43703270702684677,0.30855389371089004,0.43703270702684677,0.5340617440857133,0.44777392321352544
poppler,3,0,1,size,0.21170010197891867,0.3855783407290584,0.0,0.0,0.4564840029280949,0.07108873751644618,0.29546630406727653,0.420415720416426,0.29546630406727653,0.420415720416426,0.29546630406727653,0.420415720416426,0.4035155793227541,0.45730560784695995
poppler,4,0,1,size,0.2622502424385617,0.41677318760879023,0.0,0.0,0.4695328434968059,0.07106475756140236,0.3361824470706856,0.4414220192477327,0.3361824470706856,0.4414220192477327,0.3361824470706856,0.4414220192477327,0.4675423037493935,0.4517233035100263
poppler,0,0,2,size-time,0.37379831146171927,0.4275351300117231,0.25741095421202925,0.3553733898410475,0.669721508966966,0.1886979381991126,0.5293161282960989,0.4290123898701945,0.5293161282960989,0.4290123898701945,0.5293161282960989,0.4290123898701945,0.6448612969441788,0.4110835072830353
poppler,1,0,2,size-time,0.3832709787980932,0.4268720703575583,0.24039740543060026,0.34660961025338005,0.6692269120310521,0.18364747948108423,0.55043256847054,0.4287375627561483,0.55043256847054,0.4287375627561483,0.55043256847054,0.4287375627561483,0.7279303960634091,0.3775406810198563
poppler,2,0,2,size-time,0.37630933602907635,0.4322309025741111,0.26000491549016946,0.3717524626077383,0.6769533982903464,0.1905904315141123,0.5213227583521352,0.4329473785969319,0.5213227583521352,0.4329473785969319,0.5213227583521352,0.4329473785969319,0.74084080798753,0.3785225358897736
poppler,3,0,2,size-time,0.35927760433061323,0.4208559240052552,0.2287372097076808,0.346735206197238,0.658043747817658,0.18474985920605635,0.4625726508981201,0.41840103286531294,0.4625726508981201,0.41840103286531294,0.4625726508981201,0.41840103286531294,0.6404365721777077,0.42394877584042095
poppler,4,0,2,size-time,0.38825745777121584,0.42931065825900294,0.25156686495206515,0.35362644196919313,0.6778651177488219,0.1853758120628512,0.5276135031129029,0.44069041780173246,0.5276135031129029,0.44069041780173246,0.5276135031129029,0.44069041780173246,0.6625927799079225,0.4078039499543187
sqlite,0,0,1,q8,0.0034600525309894767,0.005113902983745967,0.0,0.0,0.43186705264291986,0.016160329648335508,0.052394150513354824,0.09560925438817343,0.052394150513354824,0.09560925438817343,0.9291066451955678,0.03410331611038638,0.27267390969994265,0.3908162553217179
sqlite,1,0,1,q8,0.006419918466535984,0.016355836768638294,0.0,0.0,0.4296346572841748,0.014908827737290489,0.05429149198023266,0.09584266313818943,0.05429149198023266,0.09584266313818943,0.9188204650718583,0.045066791879097144,0.3665756486656612,0.4324107030477006
sqlite,2,0,1,q8,0.004550848115010495,0.009464395671321502,0.0,0.0,0.42608743606042115,0.015454266262915345,0.09949442340412068,0.11309032130924715,0.09949442340412068,0.11309032130924715,0.9328308809979069,0.04271939293727482,0.41298230848792783,0.4398084804671816
sqlite,3,0,1,q8,0.004733080324101542,0.006485853492170783,0.0,0.0,0.4317546982484867,0.011914463222158318,0.03760384170275271,0.08255241557881023,0.03760384170275271,0.08255241557881023,0.922878616620508,0.03681751534848665,0.47126603526548805,0.4481158193023373
sqlite,4,0,1,q8,0.0026489391409259,0.003233910779441497,0.0,0.0,0.4281821165982626,0.014953153822510099,0.08112050045303164,0.10960075514539146,0.08112050045303164,0.10960075514539146,0.9257163525847095,0.03359763746051352,0.47294043238219385,0.43838303906057347
sqlite,0,0,1,q10,0.007457366118584531,0.007558697177504755,0.0,0.0,0.4612492366410928,0.04436736637150805,0.11965608003366052,0.21592514368391932,0.11965608003366052,0.21592514368391932,0.9351748213333179,0.03698394471902571,0.49236864467777475,0.4387548210152953
sqlite,1,0,1,q10,0.01509812019094928,0.019326311838733005,0.0,0.0,0.4577146366817444,0.05034655966726947,0.9163479374802891,0.053259429376719694,0.9163479374802891,0.053259429376719694,0.9114958716211973,0.06280733510026963,0.6512915349042026,0.39679653781629187
sqlite,2,0,1,q10,0.0052393884371189706,0.012125466529732539,0.0,0.0,0.4774507979600163,0.05884812291044376,0.2226430646087835,0.2545614151474223,0.2226430646087835,0.2545614151474223,0.9358726940350349,0.04913692961252233,0.44975172790975276,0.4117532109762465
sqlite,3,0,1,q10,0.01210405331987437,0.011550581862452971,0.0,0.0,0.4571076295891394,0.04020124176690587,0.09092253529551408,0.1856240585552156,0.09092253529551408,0.1856240585552156,0.9308859514682822,0.04151223556418976,0.43576302973429637,0.44359344609866475
sqlite,4,0,1,q10,0.01369637490464951,0.02704079884382942,0.0,0.0,0.4736256413465027,0.05428721316130994,0.1807679039269412,0.25146861809545956,0.1807679039269412,0.25146861809545956,0.924540597669108,0.04776512570875642,0.6752581890645496,0.3915405985315221
sqlite,0,0,1,q2,0.03487687050858162,0.04016476011778708,0.0,0.0,0.3657886847509003,0.19153342707313895,0.22231731789520168,0.3810930865637968,0.22231731789520168,0.3810930865637968,0.26730660105488163,0.3720479156916668,0.4923132340217826,0.45626521786151136
sqlite,1,0,1,q2,0.027483441066050295,0.0479834607170599,0.0,0.0,0.3719716354893408,0.19021475204723484,0.22849077856292632,0.3792771015814222,0.22849077856292632,0.3792771015814222,0.28071053252564226,0.3714982964679185,0.3627156366964136,0.4342559898223406
sqlite,2,0,1,q2,0.0330683205631669,0.038225226112981035,0.0,0.0,0.45153890103759764,0.22650135734182644,0.3892746371761214,0.45422869778413894,0.3892746371761214,0.45422869778413894,0.4396228601352661,0.43534879757485506,0.4743787438338359,0.45333249704715745
sqlite,3,0,1,q2,0.042852467523659475,0.033004736847638425,0.0,0.0,0.3379626180409144,0.16257373475010334,0.16799564423140903,0.3212874447892478,0.16799564423140903,0.3212874447892478,0.21249174570533366,0.3205921799090112,0.3705173819271959,0.4298470141992336
sqlite,4,0,1,q2,0.03303854255544142,0.04151224439015858,0.0,0.0,0.42495967430281156,0.2161836327092262,0.3420529274079381,0.42877564911299665,0.3420529274079381,0.42877564911299665,0.38707683773073537,0.4207296204368566,0.4766696245589027,0.4572124798104922
sqlite,0,0,1,q13,0.010370245452453125,0.01241156973039086,0.0,0.0,0.4096918212809713,0.11757387381510152,0.16618091079283917,0.29570628587375586,0.16618091079283917,0.29570628587375586,0.5883309488937882,0.20282956040690103,0.40541150917843616,0.32379820706087226
sqlite,1,0,1,q13,0.01299710922521915,0.01706489398589017,0.0,0.0,0.418655050657608,0.12381740399477942,0.17851361144145508,0.30872017231884774,0.17851361144145508,0.30872017231884774,0.6188924266357104,0.198672892088741,0.35757967610569513,0.3803630427904597
sqlite,2,0,1,q13,0.013641273277430739,0.024338003741962638,0.0,0.0,0.47051277265658914,0.14743267210315839,0.3104050003086382,0.3670792208759525,0.3104050003086382,0.3670792208759525,0.6952583687150058,0.23946592439193595,0.4799711371898938,0.3889368795917019
sqlite,3,0,1,q13,0.024363795212445895,0.029237139025059616,0.0,0.0,0.3954695493711466,0.10132701509681222,0.1257129331779011,0.2520820175480946,0.1257129331779011,0.2520820175480946,0.571152013988718,0.17455015661397508,0.4577292663946525,0.3957401486664766
sqlite,4,0,1,q13,0.017602844879818478,0.043372436178001426,0.0,0.0,0.4483570631063022,0.13730771051072935,0.2585081622680537,0.34147236597001934,0.2585081622680537,0.34147236597001934,0.6691542880182028,0.22616172936333176,0.48571508726114876,0.3783206526359612
sqlite,0,0,1,q5,0.08057631284503444,0.1024282947183845,0.0,0.0,0.47705457283307284,0.20376658433338282,0.4688067835278366,0.37920547861903875,0.4688067835278366,0.37920547861903875,0.5627476351228013,0.3484633377363474,0.4335562454341627,0.371955923541716
sqlite,1,0,1,q5,0.12927574065130062,0.16722545818369844,0.0,0.0,0.48021298676631424,0.1751909761082714,0.5372928450760217,0.3555133475900631,0.5372928450760217,0.3555133475900631,0.5219877771019715,0.3164387504525426,0.46288621738971814,0.359727486037985
sqlite,2,0,1,q5,0.08502649195133728,0.13570203637803935,0.0,0.0,0.5376424050655714,0.19524330002912996,0.5741506349631144,0.4045437356120451,0.5741506349631144,0.4045437356120451,0.6579450000656756,0.3402963582105083,0.4694522781036971,0.38905626168648755
sqlite,3,0,1,q5,0.13005715187893252,0.13647214770389507,0.0,0.0,0.4661194268602782,0.16012082455911408,0.5374913013195102,0.2903116549842405,0.5374913013195102,0.2903116549842405,0.5366383325754506,0.29770018205309395,0.47796262073660634,0.3382238879138162
sqlite,4,0,1,q5,0.11207937337745018,0.14920396979410228,0.0,0.0,0.5177674843838135,0.18788217390532436,0.5812351720844173,0.34054191700056785,0.5812351720844173,0.34054191700056785,0.5630286137753577,0.3477585021778281,0.5142945681989904,0.3774016142036927
sqlite,0,0,1,q7,0.14430742336259808,0.14818381766244745,0.0,0.0,0.4331207347830378,0.16719956419695592,0.3787669540172654,0.34301466279873394,0.3787669540172654,0.34301466279873394,0.32645392269029505,0.3549988815205282,0.5105983012461016,0.36444074082222494
sqlite,1,0,1,q7,0.11734299673924846,0.12130847375411898,0.0,0.0,0.4412283247802331,0.16096558399543648,0.4277383539667479,0.33450241809278114,0.4277383539667479,0.33450241809278114,0.38847909187854823,0.34622256574490684,0.45452171719001166,0.3382093636401707
sqlite,2,0,1,q7,0.10039404986520131,0.1272951802729645,0.0,0.0,0.504547979038068,0.19789505964560247,0.5193506274857902,0.39031092542042695,0.5193506274857902,0.39031092542042695,0.4992815696448988,0.4074921263586745,0.4921154476360053,0.40080282797053113
sqlite,3,0,1,q7,0.13143838789858717,0.11891197324873813,0.0,0.0,0.4263666421694795,0.14552977682456059,0.34828654528056613,0.3018058749120772,0.34828654528056613,0.3018058749120772,0.34828654528056613,0.3018058749120772,0.4755619483396065,0.3291396294269516
sqlite,4,0,1,q7,0.1030346896129342,0.13730560752659934,0.0,0.0,0.4798430969583873,0.19091402277059463,0.44685749963741,0.39348735101027316,0.44685749963741,0.39348735101027316,0.44685749963741,0.39348735101027316,0.458454318565838,0.3874738772685669
sqlite,0,0,1,q1,0.15434847148820605,0.2175661199546548,0.0,0.0,0.40904934718616265,0.16328084050015174,0.598202771945923,0.34524915374432624,0.598202771945923,0.34524915374432624,0.40045972762328524,0.305548190359066,0.40443839148491995,0.33925748557408897
sqlite,1,0,1,q1,0.14419182727963176,0.12832889942453649,0.0,0.0,0.40639979199808385,0.18001485811053314,0.5446439620803273,0.31891133091479007,0.5446439620803273,0.31891133091479007,0.47033921044661947,0.31973402532451917,0.41391860170993117,0.3519386327414736
sqlite,2,0,1,q1,0.08887668189367798,0.10492034396762846,0.0,0.0,0.48954757023336526,0.19874650079755474,0.44940041350590454,0.3758577099613252,0.44940041350590454,0.3758577099613252,0.6037012113422264,0.3443278262110888,0.4679083168468304,0.3823835555052171
sqlite,3,0,1,q1,0.1322786143392859,0.15394464675142597,0.0,0.0,0.3813573553306346,0.15180618490337264,0.30629581115713317,0.30579781658870014,0.30629581115713317,0.30579781658870014,0.35871708532480767,0.2873014105272875,0.4069085821419834,0.34226399371284455
sqlite,4,0,1,q1,0.11813905234970763,0.18274744423489978,0.0,0.0,0.46251636086037795,0.1931147500512053,0.45151226166347574,0.3744910443200706,0.45151226166347574,0.3744910443200706,0.5614552793203458,0.3262902548311729,0.4896284392912992,0.3558150397842791
sqlite,0,0,1,q3,0.048286052166636,0.06103332306913629,0.0,0.0,0.37233458984234163,0.19626143681904942,0.2780197194213207,0.3790386808362791,0.2780197194213207,0.3790386808362791,0.32976367852621635,0.35157137738061933,0.415582220227431,0.4423733607802623
sqlite,1,0,1,q3,0.06349244344725855,0.07514381760844224,0.0,0.0,0.38503561114653634,0.19286997731142314,0.32566440546378084,0.37364220645852353,0.32566440546378084,0.37364220645852353,0.3545068315521863,0.3487085844003343,0.3184068948756304,0.39117291553955974
sqlite,2,0,1,q3,0.08692917686915519,0.15152038637055484,0.0,0.0,0.46924204776922634,0.22577588913881047,0.516837293880587,0.422073834754217,0.516837293880587,0.422073834754217,0.5221189362132338,0.4101228363142778,0.46801128926176855,0.4343709476638579
sqlite,3,0,1,q3,0.05183910242036614,0.06245953007402471,0.0,0.0,0.35158732452976915,0.1633561711655997,0.20900274722391182,0.316715389559318,0.20900274722391182,0.316715389559318,0.29835928284439184,0.2986834523363845,0.2891624284112964,0.3678048642709854
sqlite,4,0,1,q3,0.07635992027073102,0.12380012139585421,0.0,0.0,0.4348806715636969,0.22437670278718763,0.5494840978283656,0.4055719507574786,0.5494840978283656,0.4055719507574786,0.4340616531364932,0.4019875436706183,0.40663355789062117,0.4350171659902348
sqlite,0,0,1,q9,0.04346883812907007,0.03999630417814782,0.0,0.0,0.3796435075902948,0.18924611020101406,0.25649150744576926,0.3755587924730408,0.25649150744576926,0.3755587924730408,0.3127060972189283,0.35748395968404334,0.3319188235400244,0.39235784560169884
sqlite,1,0,1,q9,0.05998954137403822,0.05923798494550963,0.0,0.0,0.39769718013798133,0.18448569910779458,0.33853297368082125,0.3401789854904136,0.33853297368082125,0.3401789854904136,0.33853297368082125,0.3401789854904136,0.3611753506121744,0.36420162514382226
sqlite,2,0,1,q9,0.06638605394665652,0.1172070802668139,0.0,0.0,0.4717821430063432,0.21899895184915566,0.4972845547328482,0.41517726166330243,0.4972845547328482,0.41517726166330243,0.4972845547328482,0.41517726166330243,0.4764411482206458,0.42071873142950267
sqlite,3,0,1,q9,0.06958105710032333,0.0765195666463442,0.0,0.0,0.357622564805437,0.16383219956205913,0.2750215705114756,0.3047073005166833,0.2750215705114756,0.3047073005166833,0.2750215705114756,0.3047073005166833,0.2826025831879094,0.34130738032998775
sqlite,4,0,1,q9,0.05541679558288888,0.08125708564522557,0.0,0.0,0.44853680995612527,0.21237104102636897,0.6321673014274024,0.44568864090601273,0.6321673014274024,0.44568864090601273,0.4583184554649116,0.3936692052035646,0.411506763507684,0.42955442870887545
sqlite,0,0,1,q14,0.03620092536333211,0.04706406865418344,0.0,0.0,0.37304074577906776,0.19049452956174626,0.2657753365381865,0.37524240721141844,0.2657753365381865,0.37524240721141844,0.26158168308464547,0.37010739929710745,0.3859594268302714,0.4127306259451078
sqlite,1,0,1,q14,0.05114856564406729,0.04629596476905674,0.0,0.0,0.38356996299970036,0.19118357978576847,0.27581112519109713,0.38364428190976696,0.27581112519109713,0.38364428190976696,0.3095307878457562,0.382681597670385,0.42850582941064524,0.43015651958767565
sqlite,2,0,1,q14,0.03299027939977521,0.040125082310293624,0.0,0.0,0.4554592266492252,0.2302017911890195,0.40035796747880215,0.45972570902650384,0.40035796747880215,0.45972570902650384,0.43553045268655805,0.44100001808615946,0.47435239082075487,0.4357763786179853
sqlite,3,0,1,q14,0.08813836582051066,0.11140649835767602,0.0,0.0,0.33895353504146186,0.16420228777131587,0.17777040537020675,0.3272963099591104,0.17777040537020675,0.3272963099591104,0.21645869745378887,0.31395641819725395,0.38555663473223395,0.39620141097662065
sqlite,4,0,1,q14,0.07650501286819315,0.09247882255352408,0.0,0.0,0.4354373373340255,0.21935416787367967,0.35015336933674934,0.4427068501527123,0.35015336933674934,0.4427068501527123,0.38724613292672533,0.4247591616149629,0.4530335724386288,0.4220712536626385
sqlite,0,0,1,q6,0.04706816965480921,0.04479196426839266,0.0,0.0,0.3780969105419923,0.18984463055339512,0.26532575356345656,0.3819541392415797,0.26532575356345656,0.3819541392415797,0.27513673224762397,0.38050661135725866,0.4376354108888347,0.44432652802451067
sqlite,1,0,1,q6,0.053327909664268855,0.05964260218984281,0.0,0.0,0.3760819904660001,0.19304495595369325,0.28597864931344197,0.3751332221376646,0.28597864931344197,0.3751332221376646,0.2811247580484223,0.3844620087502548,0.4169980227931609,0.43065147613825516
sqlite,2,0,1,q6,0.04999367725751135,0.07944655234460532,0.0,0.0,0.45986050733257217,0.2290557623234855,0.40869170346239936,0.4603000931847794,0.40869170346239936,0.4603000931847794,0.4534140695050574,0.4290555572889435,0.470042946551947,0.4351583139826611
sqlite,3,0,1,q6,0.07011185847984322,0.06757095205619472,0.0,0.0,0.3474208418923772,0.1620176332264333,0.19308888012242517,0.3220122411281869,0.19308888012242517,0.3220122411281869,0.21468972636029768,0.3196020059998329,0.2762530702778181,0.35554410049426793
sqlite,4,0,1,q6,0.07383229884060008,0.09662504362634908,0.0,0.0,0.4335291652086056,0.22210798643951493,0.3844899406576331,0.42747774956161627,0.3844899406576331,0.42747774956161627,0.40923403801808195,0.418910592993851,0.3999000672905237,0.42525359763699433
sqlite,0,0,1,q12,0.0542181133101247,0.0473062083216323,0.0,0.0,0.3669384803024538,0.19200560820138768,0.26710848065240284,0.3680290633499096,0.26710848065240284,0.3680290633499096,0.26710848065240284,0.3680290633499096,0.2919540865941984,0.3975363137835917
sqlite,1,0,1,q12,0.039921105111518695,0.058044992561809956,0.0,0.0,0.37016003736734526,0.197629971986649,0.72945634390865,0.3854006177837993,0.72945634390865,0.3854006177837993,0.2891670321994902,0.37633528493265783,0.33437336718769367,0.40293925824732196
sqlite,2,0,1,q12,0.06968740654181106,0.1417109190958633,0.0,0.0,0.4576910184716834,0.2283056674293994,0.4376591303871629,0.43688903188373046,0.4376591303871629,0.43688903188373046,0.43078446147081545,0.4421900428230811,0.4632565779831467,0.43421199158873425
sqlite,3,0,1,q12,0.06408016633586143,0.0747170502456471,0.0,0.0,0.3392250225202509,0.16631462852717993,0.2333550251583945,0.31672752988225644,0.2333550251583945,0.31672752988225644,0.2333550251583945,0.31672752988225644,0.42658100219527195,0.4318832597295408
sqlite,4,0,1,q12,0.04001348500575097,0.06151725722572822,0.0,0.0,0.4319809286034914,0.21943682788058946,0.377887616124621,0.4268046947553375,0.377887616124621,0.4268046947553375,0.38806607046447666,0.42097374631628315,0.3966227701006873,0.4269312863589212
sqlite,0,0,1,q4,0.03558865884353737,0.03381882663839063,0.0,0.0,0.372638211434883,0.19237892197325704,0.252105065614468,0.3840628231746767,0.252105065614468,0.3840628231746767,0.3031047169674522,0.36544416484753905,0.3590671971300479,0.41665236544312684
sqlite,1,0,1,q4,0.062041010804790755,0.07959519449906526,0.0,0.0,0.38261301079928733,0.19200153820715302,0.28779950353737455,0.37755882524617207,0.28779950353737455,0.37755882524617207,0.32946198804784305,0.35718668626097666,0.31841612199898267,0.4048760756947553
sqlite,2,0,1,q4,0.04381330095812744,0.07518350052428158,0.0,0.0,0.4522011876526116,0.23319422597994655,0.4228614311120335,0.4491504435233811,0.4228614311120335,0.4491504435233811,0.467103711788854,0.4245646506748695,0.4241456131896237,0.44581541097094984
sqlite,3,0,1,q4,0.04532953331761605,0.05464115257543,0.0,0.0,0.33971692942253817,0.16771264360066243,0.7567789580646708,0.32290115778190914,0.7567789580646708,0.32290115778190914,0.24200441831187616,0.31640775534191873,0.33775986826091203,0.41144995678900514
sqlite,4,0,1,q4,0.044436752575035786,0.07053069623037185,0.0,0.0,0.4290568699428533,0.22270061571184413,0.3530382958885313,0.4382945440550193,0.3530382958885313,0.4382945440550193,0.4203056906370229,0.41276497816562135,0.3722699452229756,0.4231672406752663
sqlite,0,0,1,q15,0.1099010386442549,0.1611324869041056,0.0,0.0,0.46737003342203126,0.15773814787094095,0.37201925774870725,0.29386927912114186,0.37201925774870725,0.29386927912114186,0.6959858176561136,0.2098840455908303,0.5162976988210336,0.32006170920753163
sqlite,1,0,1,q15,0.0971259986190154,0.1771541743082446,0.0,0.0,0.4563674383000411,0.16884999399338457,0.31590863009186376,0.30721655567217665,0.31590863009186376,0.30721655567217665,0.6372132375809041,0.24637606074157664,0.47039488733541296,0.3284303734248867
sqlite,2,0,1,q15,0.05439956354880242,0.07828507469903698,0.0,0.0,0.5298877206222476,0.18196672721443555,0.22393072182382887,0.26843647892192024,0.22393072182382887,0.26843647892192024,0.7542060454235348,0.25737886012149014,0.5228115300507411,0.3638722906939916
sqlite,3,0,1,q15,0.0933222483623458,0.09719088127913962,0.0,0.0,0.4220367366700444,0.14908895585310947,0.40009876800681166,0.3112584862202795,0.40009876800681166,0.3112584862202795,0.6040482452582316,0.2140268560773657,0.5385646444007326,0.28981896036258087
sqlite,4,0,1,q15,0.05836660344203231,0.08951828660732589,0.0,0.0,0.49696138395939354,0.17914484824433458,0.23248495205171318,0.2550059224714388,0.23248495205171318,0.2550059224714388,0.7086927308549476,0.25112425823984885,0.46148624809875133,0.363405516258893
sqlite,0,0,1,q11,0.01589792819826474,0.01662453311985687,0.0,0.0,0.38837073019128165,0.1549195973736514,0.41437729683697383,0.2907792800799272,0.41437729683697383,0.2907792800799272,0.430882315258383,0.2935838621502857,0.3824578590715081,0.37437413898456273
sqlite,1,0,1,q11,0.024688743234685284,0.025753580159524937,0.0,0.0,0.3902304712689865,0.15467372809891144,0.4261091947381885,0.2934773204478666,0.4261091947381885,0.2934773204478666,0.4346126625352716,0.29190232606616195,0.4111702996006427,0.3464081332796848
sqlite,2,0,1,q11,0.027971073213674653,0.04898165050151105,0.0,0.0,0.45862572588453726,0.1833581371345567,0.5483998274742516,0.35040789814123247,0.5483998274742516,0.35040789814123247,0.5718780614128323,0.34136541910067114,0.4366158010911005,0.41188356167244855
sqlite,3,0,1,q11,0.03660850340805383,0.04794424715832035,0.0,0.0,0.3636325266299614,0.130981839068901,0.3847825972172954,0.24788701741421357,0.3847825972172954,0.24788701741421357,0.38359305331153315,0.25044847628212613,0.4018408035852905,0.3892833992100339
sqlite,4,0,1,q11,0.01368647339281335,0.023662858941307516,0.0,0.0,0.4366334861493784,0.17605787178825782,0.514035730993002,0.3302839638619122,0.514035730993002,0.3302839638619122,0.5393301258805137,0.3313777915431197,0.38122543522629887,0.371347607634189
sqlite,0,0,1,q8,0.0034600525309894767,0.005113902983745967,0.0,0.0,0.43186705264291986,0.016160329648335508,0.052394150513354824,0.09560925438817343,0.052394150513354824,0.09560925438817343,0.9291066451955678,0.03410331611038638,0.22741885260726877,0.3660007696604446
sqlite,1,0,1,q8,0.006419918466535984,0.016355836768638294,0.0,0.0,0.4296346572841748,0.014908827737290489,0.05429149198023266,0.09584266313818943,0.05429149198023266,0.09584266313818943,0.9188204650718583,0.045066791879097144,0.49947782667350976,0.44767838238770097
sqlite,2,0,1,q8,0.004550848115010495,0.009464395671321502,0.0,0.0,0.42608743606042115,0.015454266262915345,0.09949442340412068,0.11309032130924715,0.09949442340412068,0.11309032130924715,0.9328308809979069,0.04271939293727482,0.2929115497756169,0.3889337069554386
sqlite,3,0,1,q8,0.004733080324101542,0.006485853492170783,0.0,0.0,0.4317546982484867,0.011914463222158318,0.03760384170275271,0.08255241557881023,0.03760384170275271,0.08255241557881023,0.922878616620508,0.03681751534848665,0.37196267898219926,0.44048480723863864
sqlite,4,0,1,q8,0.0026489391409259,0.003233910779441497,0.0,0.0,0.4281821165982626,0.014953153822510099,0.08112050045303164,0.10960075514539146,0.08112050045303164,0.10960075514539146,0.9257163525847095,0.03359763746051352,0.6106368702965012,0.43306333442188677
sqlite,0,0,2,q8-q10,0.019311721121940795,0.033701340756358465,0.0023375305835423533,0.0023160125594807713,0.4693535038373357,0.04098617979622907,0.11915413536243112,0.21627526924315307,0.11915413536243112,0.21627526924315307,0.9500150175438488,0.029335820010690843,0.4935075303297116,0.4501658725929336
sqlite,1,0,2,q8-q10,0.010640393058013342,0.014759004048787905,0.0019170189915266801,0.0022015683999853826,0.4683706121451971,0.04421743581740626,0.12450714355968796,0.21599655713818358,0.12450714355968796,0.21599655713818358,0.9313645413428966,0.04402095336064383,0.35308982694321495,0.42328369754138084
sqlite,2,0,2,q8-q10,0.018779587869204035,0.03495118577448485,0.0014979026264577116,0.002230385686636307,0.4866308180492326,0.05268612427337101,0.22029798836923947,0.2568993895070301,0.22029798836923947,0.2568993895070301,0.9519418731235821,0.040388443388803666,0.26055034996691,0.3137768360448678
sqlite,3,0,2,q8-q10,0.013026164751534296,0.014152847608930789,0.0029162355617815307,0.002627671830326268,0.4647902907263672,0.03689790977431629,0.059500986397969496,0.042410254463063214,0.059500986397969496,0.042410254463063214,0.9448630061388923,0.02947423041032525,0.3712038551658959,0.4278832718551659
sqlite,4,0,2,q8-q10,0.016873435266149546,0.026825871816088143,0.002541791560762983,0.003077807614250708,0.48174558181413535,0.04916900840964602,0.18673483284009137,0.24875037921892582,0.18673483284009137,0.24875037921892582,0.9407471300373401,0.034231329218475756,0.660918680876494,0.4112143708219322
sqlite,0,0,3,q8-q10-q2,0.024227981034631644,0.02827745813426225,0.005404284464298781,0.005329694276028382,0.5873030513664957,0.07742950693452412,0.22656124902731112,0.37722039288588827,0.22656124902731112,0.37722039288588827,0.9521874275837038,0.031270976036706435,0.5315482681641688,0.4559201661481991
sqlite,1,0,3,q8-q10-q2,0.037044627186579915,0.0512192731454139,0.005913898828759443,0.004744191942950589,0.5856294053460191,0.07973123857249566,0.239665455458466,0.37533795656330043,0.239665455458466,0.37533795656330043,0.9328405229087857,0.04588945722754749,0.569955818487876,0.4484834445035481
sqlite,2,0,3,q8-q10-q2,0.033387713943160036,0.040366115013232166,0.006425742064687076,0.008189680453612652,0.6185193036257929,0.09470048946444047,0.6055732360284494,0.4812841701568786,0.6055732360284494,0.4812841701568786,0.9546219220114822,0.04195661036174892,0.6565331881285005,0.43516241996706123
sqlite,3,0,3,q8-q10-q2,0.04462781112282486,0.03942409072480551,0.008994352819409388,0.012973629273167057,0.5751640145903248,0.06599941251200028,0.16944549599008207,0.3189470320031109,0.16944549599008207,0.3189470320031109,0.9449582519879938,0.029593612457993686,0.7424831176757635,0.386490663724601
sqlite,4,0,3,q8-q10-q2,0.046319227535940526,0.06739144849999971,0.0057426758437524,0.00610199724216038,0.6062215226606887,0.09012724368804538,0.3431854899559645,0.4271136316596664,0.3431854899559645,0.4271136316596664,0.94483747855819,0.038176911257235165,0.6087620458311441,0.44197591610140236
sqlite,0,0,4,q8-q10-q2-q13,0.03336555789640679,0.02813636439963066,0.0076908679606426,0.0063305407632150675,0.588931790561285,0.07702653410391751,0.22739926128656454,0.37863358098969885,0.22739926128656454,0.37863358098969885,0.9531266867360649,0.03234852363048632,0.615832047360566,0.44938262521236705
sqlite,1,0,4,q8-q10-q2-q13,0.04664957684877476,0.05102735171066367,0.008897613336385125,0.0066659066642733664,0.5880297043032431,0.07891761998419697,0.9444798885875976,0.04595601095462635,0.9444798885875976,0.04595601095462635,0.9333476305622947,0.04645069168545582,0.43439560331176147,0.4487335963376162
sqlite,2,0,4,q8-q10-q2-q13,0.03451032431846251,0.03747694903292729,0.009524426336720888,0.011646104507978306,0.6209033718739433,0.09366949503124831,0.3967689001372764,0.4437678002942943,0.3967689001372764,0.4437678002942943,0.9560565366271895,0.043088658624935085,0.6043193603195887,0.44156979641010047
sqlite,3,0,4,q8-q10-q2-q13,0.036865130083923725,0.033242959501270396,0.012562276771669639,0.013120197864631299,0.5771392453538163,0.06550113324184133,0.9379031848518243,0.031018310426603028,0.9379031848518243,0.031018310426603028,0.9452178479369467,0.029961187281326657,0.6724069572390322,0.41288682980262753
sqlite,4,0,4,q8-q10-q2-q13,0.03515719268484733,0.0401465349293031,0.010211225950649971,0.012361096729404488,0.6095435338402677,0.08873832520877904,0.9497318844319939,0.042793224667388004,0.9497318844319939,0.042793224667388004,0.9469528974230494,0.04041851707051859,0.5184629781871123,0.4670641923549347
sqlite,0,0,5,q8-q10-q2-q13-q5,0.30224559915051646,0.3230742427113297,0.1989969035356511,0.2765519849969992,0.7085327728685968,0.11416477294886686,0.7330500590491541,0.3831438435594888,0.7330500590491541,0.3831438435594888,0.9540067391725409,0.032954127004965944,0.713215249125852,0.3615286338783656
sqlite,1,0,5,q8-q10-q2-q13-q5,0.2745745363986388,0.26725774379860545,0.15245908641822012,0.2375132345301492,0.6968697599454012,0.10093126066657022,0.9472462217163152,0.04782404968709525,0.9472462217163152,0.04782404968709525,0.9333476305622947,0.04645069168545582,0.7041816264015189,0.3667769842019836
sqlite,2,0,5,q8-q10-q2-q13-q5,0.20364214436092884,0.2614161794430575,0.1356612082580902,0.23597895015467507,0.7102441494564959,0.09683823866440822,0.5753939639799242,0.4081232854349824,0.5753939639799242,0.4081232854349824,0.9597316192047302,0.043099381214177765,0.7320371883567461,0.37629169694739045
sqlite,3,0,5,q8-q10-q2-q13-q5,0.3247924364492544,0.29045590623503875,0.21560471072144424,0.24846205812228803,0.7059099001010445,0.10631051191971082,0.4646327460742849,0.32800328103297627,0.4646327460742849,0.32800328103297627,0.9455777932252629,0.03056947390633348,0.6759244256580066,0.3578364268456996
sqlite,4,0,5,q8-q10-q2-q13-q5,0.22108929828631024,0.2651263865783033,0.1227885758520036,0.21552149219940234,0.7009776658065785,0.09454497247715948,0.5531648679000247,0.36384441607584433,0.5531648679000247,0.36384441607584433,0.9476027173526929,0.0410437297929748,0.7620258504433689,0.3555284091365387
sqlite,0,0,6,q8-q10-q2-q13-q5-q7,0.3324787910101512,0.30069599537462005,0.21703028019045,0.26576074744916456,0.7270311132638286,0.09750225022021247,0.9457193407256902,0.03130989923663579,0.9457193407256902,0.03130989923663579,0.9540067391725409,0.032954127004965944,0.7719127853307867,0.33523234726388385
sqlite,1,0,6,q8-q10-q2-q13-q5-q7,0.34571148662771073,0.28570179882060787,0.17142653007531042,0.2283383951102989,0.7179324657939669,0.08425186437016878,0.9472462217163152,0.04782404968709525,0.9472462217163152,0.04782404968709525,0.933374948787055,0.04648999400190579,0.8422338526974207,0.2916856555569415
sqlite,2,0,6,q8-q10-q2-q13-q5-q7,0.23202648438285528,0.29822601419906714,0.14564590996223978,0.23343947161559217,0.7235595331199541,0.08628278775895663,0.5631879566945919,0.4514122825964533,0.5631879566945919,0.4514122825964533,0.9600253011517605,0.04334696089837202,0.7273410739918931,0.3753808926917609
sqlite,3,0,6,q8-q10-q2-q13-q5-q7,0.3513822629757829,0.2857629473642194,0.22809057502204516,0.2429397546756649,0.7271881258561648,0.0910469424660591,0.5102521188580617,0.31367316565742587,0.5102521188580617,0.31367316565742587,0.9455777932252629,0.03056947390633348,0.7216097440914275,0.3238677867603396
sqlite,4,0,6,q8-q10-q2-q13-q5-q7,0.2501765293932967,0.270007015389713,0.1403551074738897,0.20902892926092245,0.7144867196375146,0.08341863642062582,0.9389326184269553,0.04559678879022921,0.9389326184269553,0.04559678879022921,0.9476027173526929,0.0410437297929748,0.6788554407712137,0.37100207311478034
sqlite,0,0,7,q8-q10-q2-q13-q5-q7-q1,0.3775720520868636,0.30368634051012716,0.2352976508594796,0.25755730944530675,0.7394094828179697,0.08717307143297526,0.9556400126998991,0.030126788243118128,0.9556400126998991,0.030126788243118128,0.9543936249913036,0.033439243206419104,0.7263171077450395,0.34194159380270067
sqlite,1,0,7,q8-q10-q2-q13-q5-q7-q1,0.3641841431426405,0.3090028296254095,0.19367266380205242,0.21987352332542223,0.7312992641376362,0.07509381543873839,0.9472462217163152,0.04782404968709525,0.9472462217163152,0.04782404968709525,0.9372998156219302,0.04716295504305582,0.6921390577805395,0.3523375068161322
sqlite,2,0,7,q8-q10-q2-q13-q5-q7-q1,0.27750768307422324,0.2808003744243125,0.1640232464262475,0.2304803185345842,0.7385836943867993,0.07194008634560585,0.6711750758297869,0.3166483661184613,0.6711750758297869,0.3166483661184613,0.9632096142200138,0.042750153185459897,0.7417116055454573,0.341178486710545
sqlite,3,0,7,q8-q10-q2-q13-q5-q7-q1,0.3652908162032726,0.25213941714377774,0.24895900825074302,0.22961611777079505,0.740479878483318,0.08109560114883603,0.542561941262235,0.29842687469936857,0.542561941262235,0.29842687469936857,0.9455777932252629,0.03056947390633348,0.6963718793238229,0.322705747353961
sqlite,4,0,7,q8-q10-q2-q13-q5-q7-q1,0.30388932559720366,0.28949953444638343,0.16057833773378238,0.20400744477384758,0.7284497948362557,0.0697109092628184,0.9389326184269553,0.04559678879022921,0.9389326184269553,0.04559678879022921,0.9476027173526929,0.0410437297929748,0.7087666644624885,0.35829432661951033
sqlite,0,0,8,q8-q10-q2-q13-q5-q7-q1-q3,0.3829934753319556,0.2865859100050277,0.2374467871861882,0.25635267920168747,0.7420991453061845,0.08632420523148146,0.9459289502078491,0.03161573159625805,0.9459289502078491,0.03161573159625805,0.9549759987131237,0.03407683023716334,0.6493435942715261,0.33561441369794415
sqlite,1,0,8,q8-q10-q2-q13-q5-q7-q1-q3,0.3458778565294391,0.29615469312053705,0.19593222450286263,0.21901747592295046,0.7341299825071826,0.07356666572710636,0.9472462217163152,0.04782404968709525,0.9472462217163152,0.04782404968709525,0.9384835983214611,0.04860277491216067,0.7017238878978646,0.35988493712891334
sqlite,2,0,8,q8-q10-q2-q13-q5-q7-q1-q3,0.2930367149291531,0.29118762078035837,0.16430433320647195,0.23043897484692905,0.7423648011613271,0.0697530386515469,0.6796371764656233,0.30790442276666874,0.6796371764656233,0.30790442276666874,0.9635239329366028,0.043008110929330164,0.7324466324722532,0.3512024362635465
sqlite,3,0,8,q8-q10-q2-q13-q5-q7-q1-q3,0.4044325625149873,0.2619938644483006,0.2553083770718291,0.22640619138686496,0.7437604625427456,0.07856573050674225,0.9481963534132728,0.03985612935688776,0.9481963534132728,0.03985612935688776,0.9456505138908102,0.030687894563947302,0.7411242040146474,0.3159794407692734
sqlite,4,0,8,q8-q10-q2-q13-q5-q7-q1-q3,0.25319692510523917,0.24277666550874868,0.16457676015258296,0.20321707157575528,0.7306655298830753,0.06908486322439877,0.9391498264851857,0.04584944737162997,0.9391498264851857,0.04584944737162997,0.9501155036700212,0.043807140668028266,0.7717524382238611,0.346230313208989
sqlite,0,0,9,q8-q10-q2-q13-q5-q7-q1-q3-q9,0.3627444949212302,0.2971698228368101,0.2384129515993148,0.255860318556037,0.7425590655321422,0.08613797320957797,0.9462429712353451,0.03206692206415206,0.9462429712353451,0.03206692206415206,0.9549759987131237,0.03407683023716334,0.7487781357178158,0.3471497569662609
sqlite,1,0,9,q8-q10-q2-q13-q5-q7-q1-q3-q9,0.37516586892836556,0.30009600954536575,0.1975677232040967,0.21840582438309497,0.7355480230338941,0.07271834281978846,0.9472462217163152,0.04782404968709525,0.9472462217163152,0.04782404968709525,0.9384835983214611,0.04860277491216067,0.7253389353866714,0.34460291784378183
sqlite,2,0,9,q8-q10-q2-q13-q5-q7-q1-q3-q9,0.2997126796394698,0.29400340570616507,0.1735662583950184,0.22925909878228123,0.7443479561450603,0.06862371594433216,0.9492489597933,0.0438601166647109,0.9492489597933,0.0438601166647109,0.9635239329366028,0.043008110929330164,0.7723426360980277,0.3235605516741221
sqlite,3,0,9,q8-q10-q2-q13-q5-q7-q1-q3-q9,0.3828925514156374,0.2398738232003186,0.2682304410357717,0.22317339128587077,0.7455464791519236,0.07794818095003211,0.9481963534132728,0.03985612935688776,0.9481963534132728,0.03985612935688776,0.9458289468214404,0.030997512524669465,0.7993552459702877,0.2908847918335974
sqlite,4,0,9,q8-q10-q2-q13-q5-q7-q1-q3-q9,0.28992315568324833,0.28064202262721694,0.17214932790757712,0.20161416674951615,0.731852360674652,0.06833258091067078,0.9392923438383817,0.04602436157972321,0.9392923438383817,0.04602436157972321,0.9501155036700212,0.043807140668028266,0.6806055822443794,0.35328792704916095
sqlite,0,0,10,q8-q10-q2-q13-q5-q7-q1-q3-q9-q14,0.3748644536130375,0.2895389658374601,0.24066778836789898,0.2550386289777032,0.7436056521614571,0.08576215778849694,0.9579335637294261,0.031224693060047257,0.9579335637294261,0.031224693060047257,0.9549759987131237,0.03407683023716334,0.7617095817611353,0.313698912982607
sqlite,1,0,10,q8-q10-q2-q13-q5-q7-q1-q3-q9-q14,0.3524748982260366,0.29097261763487675,0.21406479489937344,0.21736558268098422,0.7370375509196399,0.07231074419366819,0.9472462217163152,0.04782404968709525,0.9472462217163152,0.04782404968709525,0.9384835983214611,0.04860277491216067,0.7373121552904178,0.31517049670775293
sqlite,2,0,10,q8-q10-q2-q13-q5-q7-q1-q3-q9-q14,0.3004459166200306,0.2940808250884009,0.17356695274217931,0.22925855502389555,0.7459461468902567,0.0673705860200411,0.9495965482773374,0.04421241314492776,0.9495965482773374,0.04421241314492776,0.9635239329366028,0.043008110929330164,0.7780626330732918,0.32351428532847437
sqlite,3,0,10,q8-q10-q2-q13-q5-q7-q1-q3-q9-q14,0.4055682368504492,0.23497694192568117,0.2695226221165546,0.22223588659436974,0.7464393432410766,0.0780679936961657,0.9481963534132728,0.03985612935688776,0.9481963534132728,0.03985612935688776,0.9458289468214404,0.030997512524669465,0.6882715036247772,0.30895108298864327
sqlite,4,0,10,q8-q10-q2-q13-q5-q7-q1-q3-q9-q14,0.29927667157153603,0.2686302220771129,0.1791800208840151,0.20137328741141147,0.7331621164934276,0.0675949135471906,0.9392923438383817,0.04602436157972321,0.9392923438383817,0.04602436157972321,0.9501155036700212,0.043807140668028266,0.7164089843790331,0.3608483749738497
sqlite,0,0,11,q8-q10-q2-q13-q5-q7-q1-q3-q9-q14-q6,0.3845712329026925,0.2877377456350078,0.2437174714430682,0.2532802703133926,0.7444917285346434,0.0857977784351431,0.9464779166557167,0.03244586944410749,0.9464779166557167,0.03244586944410749,0.9549759987131237,0.03407683023716334,0.7637423984583023,0.33283125268004077
sqlite,1,0,11,q8-q10-q2-q13-q5-q7-q1-q3-q9-q14-q6,0.3655421452847525,0.3033197479819337,0.214653783876978,0.21706063095631276,0.7377621097095973,0.07209418295223072,0.9472462217163152,0.04782404968709525,0.9472462217163152,0.04782404968709525,0.9384835983214611,0.04860277491216067,0.8823762685266908,0.20361406942361693
sqlite,2,0,11,q8-q10-q2-q13-q5-q7-q1-q3-q9-q14-q6,0.30881200383079244,0.2954947026000513,0.1767636905772147,0.2286833274010089,0.7477056772918791,0.06657897456965446,0.9496186220440017,0.044236848856993236,0.9496186220440017,0.044236848856993236,0.9635239329366028,0.043008110929330164,0.7457162292716742,0.33162586779010284
sqlite,3,0,11,q8-q10-q2-q13-q5-q7-q1-q3-q9-q14-q6,0.3742452155064563,0.24434219777678418,0.27453502965589344,0.21909400562026396,0.7477051959916082,0.07754999661995753,0.9482459298967352,0.03991355938507179,0.9482459298967352,0.03991355938507179,0.9458289468214404,0.030997512524669465,0.6187414845018863,0.3127091432825138
sqlite,4,0,11,q8-q10-q2-q13-q5-q7-q1-q3-q9-q14-q6,0.2840775286668505,0.2597788498684394,0.17976885352959826,0.20134865962473233,0.7340298768890857,0.06724246967732365,0.9392923438383817,0.04602436157972321,0.9392923438383817,0.04602436157972321,0.9501155036700212,0.043807140668028266,0.7545427667806838,0.3068869692243664
sqlite,0,0,12,q8-q10-q2-q13-q5-q7-q1-q3-q9-q14-q6-q12,0.36436717795508444,0.29333077566444754,0.24372426735822333,0.2532735064416944,0.7448664024429896,0.08573907934939096,0.5526848048824395,0.29640620362205267,0.5526848048824395,0.29640620362205267,0.9549759987131237,0.03407683023716334,0.7208332410054514,0.333240761975245
sqlite,1,0,12,q8-q10-q2-q13-q5-q7-q1-q3-q9-q14-q6-q12,0.39211628026465173,0.30183128202967985,0.22191308412050034,0.2151696637857015,0.7385966530334123,0.0718998058787794,0.9476621872994835,0.04823032838200233,0.9476621872994835,0.04823032838200233,0.9384835983214611,0.04860277491216067,0.6941144138114324,0.3074227780392529
sqlite,2,0,12,q8-q10-q2-q13-q5-q7-q1-q3-q9-q14-q6-q12,0.2818209177651459,0.2896712972161937,0.19338387270150365,0.22931548566580348,0.7488785262957826,0.0663334115450211,0.9496186220440017,0.044236848856993236,0.9496186220440017,0.044236848856993236,0.9635708549922665,0.0430440850730453,0.7163746813591134,0.39939376377673624
sqlite,3,0,12,q8-q10-q2-q13-q5-q7-q1-q3-q9-q14-q6-q12,0.3913631897309749,0.24110953380732011,0.278609796081951,0.2165753499099569,0.7486424301802007,0.07692226402587736,0.9482459298967352,0.03991355938507179,0.9482459298967352,0.03991355938507179,0.9458289468214404,0.030997512524669465,0.7734927019706651,0.3178104264407799
sqlite,4,0,12,q8-q10-q2-q13-q5-q7-q1-q3-q9-q14-q6-q12,0.2806826339634226,0.26641817534557394,0.18088399861591004,0.20116356828963644,0.7349559803919385,0.06659003483382776,0.9392923438383817,0.04602436157972321,0.9392923438383817,0.04602436157972321,0.9501155036700212,0.043807140668028266,0.7372887416920489,0.33922674830471516
sqlite,0,0,13,q8-q10-q2-q13-q5-q7-q1-q3-q9-q14-q6-q12-q4,0.343751599478526,0.28053130264893966,0.24598987809391998,0.252019304792238,0.7453770010247287,0.08554021022001589,0.9465616755689519,0.03256715289689873,0.9465616755689519,0.03256715289689873,0.9549759987131237,0.03407683023716334,0.7924169355319793,0.3144101954036548
sqlite,1,0,13,q8-q10-q2-q13-q5-q7-q1-q3-q9-q14-q6-q12-q4,0.3472306485831322,0.2798414073130578,0.22807446351160118,0.21306460217644077,0.7397068320006815,0.07198736595355067,0.9476621872994835,0.04823032838200233,0.9476621872994835,0.04823032838200233,0.9385026456230536,0.04862762171603982,0.7609428639746737,0.3104471995443516
sqlite,2,0,13,q8-q10-q2-q13-q5-q7-q1-q3-q9-q14-q6-q12-q4,0.27236996043858636,0.28273922689845704,0.19575792550212923,0.22918515656713623,0.7494740561793779,0.06605215197224076,0.9497949259296589,0.04440317501148593,0.9497949259296589,0.04440317501148593,0.9635708549922665,0.0430440850730453,0.744274270538165,0.3509151354316541
sqlite,3,0,13,q8-q10-q2-q13-q5-q7-q1-q3-q9-q14-q6-q12-q4,0.38171644018959877,0.24353324060086168,0.27874415694458954,0.21648489208568736,0.749209124100107,0.07678564820675358,0.9482459298967352,0.03991355938507179,0.9482459298967352,0.03991355938507179,0.9459388389868304,0.03118976941754496,0.7518415749607893,0.3000451819630269
sqlite,4,0,13,q8-q10-q2-q13-q5-q7-q1-q3-q9-q14-q6-q12-q4,0.2697079675051934,0.2571388804306169,0.18167699278018828,0.20100636907751362,0.7356850474162965,0.06614187484177735,0.9392923438383817,0.04602436157972321,0.9392923438383817,0.04602436157972321,0.950147615721874,0.04384349550580799,0.7817006194281856,0.3019764488023247
sqlite,0,0,14,q8-q10-q2-q13-q5-q7-q1-q3-q9-q14-q6-q12-q4-q15,0.4166463611435168,0.28134956535547156,0.2929157148737605,0.23481661483316957,0.7682737312389963,0.06747408954591913,0.9497070879987596,0.03191672699613951,0.9497070879987596,0.03191672699613951,0.9572418348423793,0.03499322305215528,0.7586124296818374,0.2633898676000007
sqlite,1,0,14,q8-q10-q2-q13-q5-q7-q1-q3-q9-q14-q6-q12-q4-q15,0.3710735205008798,0.276909863749746,0.2640840482905624,0.21383844373348734,0.7588561860024223,0.06212437825132622,0.6109327485892929,0.25888743134988595,0.6109327485892929,0.25888743134988595,0.940753237884175,0.049939570578743285,0.6766487352172486,0.30809914992556936
sqlite,2,0,14,q8-q10-q2-q13-q5-q7-q1-q3-q9-q14-q6-q12-q4-q15,0.34413183032442474,0.31452635535801443,0.24574430739518363,0.24379142820367594,0.7718692316256924,0.05586933941808926,0.9548564732574946,0.04186695888656043,0.9548564732574946,0.04186695888656043,0.9635708549922665,0.0430440850730453,0.7359718153483539,0.3517086077942818
sqlite,3,0,14,q8-q10-q2-q13-q5-q7-q1-q3-q9-q14-q6-q12-q4-q15,0.41085789776191595,0.23868505608450832,0.3037319159249488,0.21077675121827966,0.7648518406921977,0.06792450259427027,0.9539862042042805,0.04149113129377267,0.9539862042042805,0.04149113129377267,0.9461007875474874,0.031428701146526926,0.7009616684744557,0.3116326621335024
sqlite,4,0,14,q8-q10-q2-q13-q5-q7-q1-q3-q9-q14-q6-q12-q4-q15,0.34326927924531425,0.28082381368682047,0.2330730118666174,0.21065221967470243,0.7548275484284943,0.05445978821984006,0.6948483759333087,0.28063323892486713,0.6948483759333087,0.28063323892486713,0.9529308848926158,0.044464186012651584,0.728932006375709,0.34030549825519485
sqlite,0,0,15,q8-q10-q2-q13-q5-q7-q1-q3-q9-q14-q6-q12-q4-q15-q11,0.4166485628152704,0.28134618998047256,0.29292040619885,0.23481055671163303,0.7683274960021206,0.06745825315068049,0.5890926340340502,0.2691489541040557,0.5890926340340502,0.2691489541040557,0.9574958554850149,0.03528942281968098,0.7725989571200136,0.3069269608397358
sqlite,1,0,15,q8-q10-q2-q13-q5-q7-q1-q3-q9-q14-q6-q12-q4-q15-q11,0.3710793846788107,0.27690172859335344,0.264088709911372,0.2138324842414834,0.758912601187497,0.062121880691598914,0.6109327485892929,0.25888743134988595,0.6109327485892929,0.25888743134988595,0.940753237884175,0.049939570578743285,0.6817885387986712,0.3179126054559484
sqlite,2,0,15,q8-q10-q2-q13-q5-q7-q1-q3-q9-q14-q6-q12-q4-q15-q11,0.34417961434031574,0.31447227416882584,0.2457605051645089,0.24377453680681588,0.7720298352052583,0.0558467072289107,0.7332330221142852,0.26993845763331636,0.7332330221142852,0.26993845763331636,0.9635790988154554,0.04305119826977439,0.760437197894114,0.253024670159298
sqlite,3,0,15,q8-q10-q2-q13-q5-q7-q1-q3-q9-q14-q6-q12-q4-q15-q11,0.4108458954094548,0.23870642560244973,0.3037319159249488,0.21077675121827966,0.7649281347232632,0.06791276624714497,0.6034696720828193,0.23139979924125165,0.6034696720828193,0.23139979924125165,0.9463432879251519,0.031827831019936775,0.7422904394253899,0.30698182779459887
sqlite,4,0,15,q8-q10-q2-q13-q5-q7-q1-q3-q9-q14-q6-q12-q4-q15-q11,0.34328088359871206,0.2808091163761478,0.2330845042822682,0.21063905635492772,0.7549516984943219,0.05446117338223439,0.6948483759333087,0.28063323892486713,0.6948483759333087,0.28063323892486713,0.9529308848926158,0.044464186012651584,0.6846611181855818,0.36674366059612623
x264,0,0,1,kbs,0.09997245898142663,0.16621354328317203,0.0,0.0,0.7174415353766628,0.06904069022648548,0.8608781574868163,0.09420749836878858,0.8608781574868163,0.09420749836878858,0.189479669852461,0.1719892287030294,0.7491636776921455,0.20498522167023328
x264,1,0,1,kbs,0.11699976275265822,0.18124395211970315,0.0,0.0,0.7181374580953519,0.06825106536056222,0.5936794079101188,0.14007856379937716,0.5936794079101188,0.14007856379937716,0.19109249248977997,0.16709982899433198,0.7808864950663811,0.19144900942247983
x264,2,0,1,kbs,0.09746560045766076,0.1606980743717607,0.0,0.0,0.7234428159749222,0.06577927188450232,0.5875533337527289,0.15360190088121078,0.5875533337527289,0.15360190088121078,0.19388589761545513,0.1587918445200145,0.7910357934965898,0.14974164901432702
x264,3,0,1,kbs,0.10735845315670269,0.16160603598163842,0.0,0.0,0.7270589616039274,0.06633689301070117,0.5898050915649085,0.15929506651365272,0.5898050915649085,0.15929506651365272,0.1807057661023137,0.16024465602705476,0.7254728595329608,0.24528598230049223
x264,4,0,1,kbs,0.09957353465448679,0.14865827322568195,0.0,0.0,0.7283259356826607,0.06294442697913029,0.589398659891339,0.15452433286213968,0.589398659891339,0.15452433286213968,0.17499636852366557,0.14787082115738817,0.7177010384992251,0.21307506486782674
x264,0,0,1,etime,0.004948988000868182,0.00941220698846639,0.0,0.0,0.14040304215171956,0.016148582689140843,0.0069712403391667685,0.011035789266640299,0.0069712403391667685,0.011035789266640299,0.007349667330662619,0.012433554935670577,0.08148623573971255,0.0867402661598004
x264,1,0,1,etime,0.004326932624869112,0.0069626553293504175,0.0,0.0,0.14213195615763485,0.02069607751845036,0.0399309318444092,0.018247164788054156,0.0399309318444092,0.018247164788054156,0.00580904161591012,0.010283390283818904,0.09209081896896155,0.16560085466336502
x264,2,0,1,etime,0.0036303209500265442,0.0066426352306165615,0.0,0.0,0.14138072900964596,0.019644078943885146,0.039471872555738856,0.02616123427388416,0.039471872555738856,0.02616123427388416,0.0064424448730857654,0.014314260295789817,0.1093634545467216,0.21804968329950103
x264,3,0,1,etime,0.0037723424441865137,0.004706625722583004,0.0,0.0,0.1427255057842899,0.01796758615417121,0.03952128995663287,0.014944311895164283,0.03952128995663287,0.014944311895164283,0.005449227646261486,0.010454930420002558,0.08668678582924974,0.1121976623439239
x264,4,0,1,etime,0.004100462626475102,0.007918753089926856,0.0,0.0,0.14163248218987126,0.01899063989675175,0.03835086060885961,0.017626286267963906,0.03835086060885961,0.017626286267963906,0.007044866434345742,0.014483983414073536,0.12977532808409195,0.1708584937800482
x264,0,0,1,fps,0.06653223564816833,0.06819128463415934,0.0,0.0,0.6024815354446195,0.11499716787574213,0.9924141008254058,0.01058925775590875,0.9924141008254058,0.01058925775590875,0.09238420606244488,0.07461346823952923,0.660896467847878,0.24936174395252442
x264,1,0,1,fps,0.0639988255556808,0.058555773955649884,0.0,0.0,0.6122046427329204,0.11459561043471056,0.9921999410956059,0.01258556687427808,0.9921999410956059,0.01258556687427808,0.08978870715628795,0.0684725166834346,0.6945556464344218,0.2363197596974784
x264,2,0,1,fps,0.0615771780358453,0.0611733314757253,0.0,0.0,0.6077099931836198,0.11807115825976618,0.11294656417032736,0.06750295409276266,0.11294656417032736,0.06750295409276266,0.08909624704862669,0.07477928259942171,0.6473876346397393,0.2053860977431462
x264,3,0,1,fps,0.061447019798268804,0.058616990407068685,0.0,0.0,0.6085230676746295,0.10807334546504196,0.10861935612007254,0.06387795788412198,0.10861935612007254,0.06387795788412198,0.08672949649025884,0.06918927036983662,0.6987896745479407,0.20845055431486295
x264,4,0,1,fps,0.057363993532588524,0.05561355423170134,0.0,0.0,0.6056360989563454,0.11740825171066213,0.10674469775336397,0.06384677191119785,0.10674469775336397,0.06384677191119785,0.0914771001573704,0.07135246125845772,0.5482344441555513,0.318603894819362
x264,0,0,1,cpu,0.03558990227408142,0.08005026193669103,0.0,0.0,0.3924216034217028,0.08541915008109063,0.2629341201659404,0.1418124486062149,0.2629341201659404,0.1418124486062149,0.09960903614100386,0.08833074548664763,0.45041965093036646,0.2491658572983853
x264,1,0,1,cpu,0.02742246310727269,0.059667282592246636,0.0,0.0,0.3937639670058349,0.07932392601466687,0.26850532758074863,0.13618421832403038,0.26850532758074863,0.13618421832403038,0.10543551229147095,0.08474906223297321,0.3770292510505419,0.26819007419619
x264,2,0,1,cpu,0.03172619009854219,0.06385209040901522,0.0,0.0,0.3936866675061959,0.08028129157007573,0.2639756667079493,0.13016376635637922,0.2639756667079493,0.13016376635637922,0.09933433672310886,0.08318609700135518,0.5262843300522462,0.2596476061903581
x264,3,0,1,cpu,0.029355409454014166,0.06358733537672268,0.0,0.0,0.3913383107350676,0.07549054464790712,0.2620281946143438,0.13550861952614304,0.2620281946143438,0.13550861952614304,0.10201096594931222,0.08369204216434303,0.33694720178332177,0.18367142362086508
x264,4,0,1,cpu,0.03379824858679496,0.07632786332781508,0.0,0.0,0.39696562542683955,0.07826207060444733,0.2697338248639014,0.13518107319995312,0.2697338248639014,0.13518107319995312,0.10044142204589654,0.08377657221549445,0.39351920810513147,0.28245196040131926
x264,0,0,1,kbs,0.09997245898142663,0.16621354328317203,0.0,0.0,0.7174415353766628,0.06904069022648548,0.8608781574868163,0.09420749836878858,0.8608781574868163,0.09420749836878858,0.189479669852461,0.1719892287030294,0.7912890346716652,0.1437953141207954
x264,1,0,1,kbs,0.11699976275265822,0.18124395211970315,0.0,0.0,0.7181374580953519,0.06825106536056222,0.5936794079101188,0.14007856379937716,0.5936794079101188,0.14007856379937716,0.19109249248977997,0.16709982899433198,0.8262023694884302,0.1287595493001185
x264,2,0,1,kbs,0.09746560045766076,0.1606980743717607,0.0,0.0,0.7234428159749222,0.06577927188450232,0.5875533337527289,0.15360190088121078,0.5875533337527289,0.15360190088121078,0.19388589761545513,0.1587918445200145,0.7118997066531967,0.2449119256979185
x264,3,0,1,kbs,0.10735845315670269,0.16160603598163842,0.0,0.0,0.7270589616039274,0.06633689301070117,0.5898050915649085,0.15929506651365272,0.5898050915649085,0.15929506651365272,0.1807057661023137,0.16024465602705476,0.7246278026288596,0.20678382625007918
x264,4,0,1,kbs,0.09957353465448679,0.14865827322568195,0.0,0.0,0.7283259356826607,0.06294442697913029,0.589398659891339,0.15452433286213968,0.589398659891339,0.15452433286213968,0.17499636852366557,0.14787082115738817,0.7837739510341898,0.15992832083623412
x264,0,0,2,kbs-etime,0.10998473072663127,0.16553145364998467,0.01446994091926226,0.016629602563478042,0.7223218420605801,0.06578665041746626,0.9026082378323925,0.06286107793101763,0.9026082378323925,0.06286107793101763,0.1895027417478341,0.17196438447217202,0.7783253539334418,0.1549268080770336
x264,1,0,2,kbs-etime,0.11090580524131234,0.16875883441498077,0.01339823520722396,0.016730141956778737,0.723263506915493,0.06477304984799585,0.5936794079101188,0.14007856379937716,0.5936794079101188,0.14007856379937716,0.19109452674337246,0.16709755641298796,0.7660130770272706,0.16092422604388923
x264,2,0,2,kbs-etime,0.11038786143145908,0.15344154848220276,0.012968684858762281,0.021480274567195753,0.7281382457360771,0.06319299960317203,0.5875533337527289,0.15360190088121078,0.5875533337527289,0.15360190088121078,0.1938907916392169,0.1587859614063564,0.709731254597217,0.2317482630185136
x264,3,0,2,kbs-etime,0.10381121386466934,0.15032112396587813,0.011458524719512949,0.011823100551326491,0.7313716678003951,0.06358346450492681,0.5898050915649085,0.15929506651365272,0.5898050915649085,0.15929506651365272,0.18072531608270315,0.16022293260344114,0.7521977211558415,0.17844488334545994
x264,4,0,2,kbs-etime,0.09306515060361278,0.13214918998720673,0.012248567317658674,0.014095765679537197,0.7328162854920581,0.06006873444841732,0.589398659891339,0.15452433286213968,0.589398659891339,0.15452433286213968,0.17560883094634971,0.14752800326048826,0.7373790899153876,0.23722365279116733
x264,0,0,3,kbs-etime-fps,0.17616641168815828,0.1524183707862884,0.11634907290948958,0.10133940777401616,0.7801057916165733,0.04909474609987027,0.5886818971910045,0.15049214553253776,0.5886818971910045,0.15049214553253776,0.21282157159003784,0.1633941463521325,0.7721714843103159,0.23335548687462465
x264,1,0,3,kbs-etime-fps,0.17906264753493775,0.150554241082808,0.11368475459808737,0.09701395335321258,0.7827139972242516,0.04432324153434089,0.5939181931889117,0.13937169768592167,0.5939181931889117,0.13937169768592167,0.20871203972856117,0.15748686991484237,0.8371517384862572,0.16038009238073053
x264,2,0,3,kbs-etime-fps,0.18748928245741373,0.15271227608920404,0.12159136502487737,0.10367377643178302,0.784501338393086,0.04629318911238875,0.5882996823857968,0.15164990172945836,0.5882996823857968,0.15164990172945836,0.21349167598085386,0.15290643383847888,0.728838231388158,0.2087829812490966
x264,3,0,3,kbs-etime-fps,0.1745108157472387,0.14422290190694884,0.11018916098363409,0.09561465625586214,0.7854244578145398,0.04485711253718589,0.589911769898099,0.15893811322383836,0.589911769898099,0.15893811322383836,0.20139830665098923,0.15355271716495128,0.7404824018128677,0.27033006059116477
x264,4,0,3,kbs-etime-fps,0.16814767510607728,0.13570425923726617,0.1129627802021303,0.09875038714841272,0.7861670973875932,0.042386702347390476,0.9557552050031912,0.030131307852663703,0.9557552050031912,0.030131307852663703,0.19876492138146049,0.14014011648123778,0.7923179464102053,0.15362454217526608
x264,0,0,4,kbs-etime-fps-cpu,0.2162473300368439,0.13465978620312638,0.16187751780052959,0.0899980900582261,0.7842564585498675,0.04927341360007628,0.9537106190007248,0.03150640331155517,0.9537106190007248,0.03150640331155517,0.23668537539194093,0.15405715874409887,0.7808452514419537,0.14692390296000585
x264,1,0,4,kbs-etime-fps-cpu,0.22466619151769399,0.13226001588813968,0.16073899928845098,0.08657797714933034,0.7867201058323842,0.04479167963363391,0.9569856994767186,0.026570390204264875,0.9569856994767186,0.026570390204264875,0.233050301073413,0.1487364988288172,0.6922852174805407,0.2565055218171326
x264,2,0,4,kbs-etime-fps-cpu,0.2271859245877466,0.13301517336055377,0.16681889430245883,0.08951518817440689,0.7886300687087653,0.04596787990097683,0.9125255778254735,0.04705953695760652,0.9125255778254735,0.04705953695760652,0.23794373947308428,0.1410078095906971,0.8584950176411408,0.20523876499034258
x264,3,0,4,kbs-etime-fps-cpu,0.20902140170462885,0.13108628280559217,0.15176802094337957,0.08640351564514108,0.7891780797454168,0.044926908234974194,0.9089075084174113,0.04396596604581889,0.9089075084174113,0.04396596604581889,0.2222524541177568,0.14689996452665044,0.8133447618345996,0.17358035092725355
x264,4,0,4,kbs-etime-fps-cpu,0.2009646386114379,0.10774355522343025,0.15989876565487232,0.08842984365289687,0.7905041407456452,0.04230256060269983,0.9105721140573415,0.040607391726363684,0.9105721140573415,0.040607391726363684,0.22589222484790059,0.13030235616246413,0.8066908421509379,0.18105047850098788
xz,0,0,1,size,0.18514857631371234,0.33237206382868184,0.0,0.0,0.4163059195646772,0.018005623213317765,0.011861471481016558,0.037509266281143004,0.011861471481016558,0.037509266281143004,1.0,0.0,0.47204709833480135,0.4479091473022802
xz,1,0,1,size,0.09538198527872999,0.30158635388650556,0.0,0.0,0.40897970060028077,0.014537662246683278,0.00900004616539166,0.028422695963187083,0.00900004616539166,0.028422695963187083,1.0,0.0,0.47572360418016035,0.48096970836670727
xz,2,0,1,size,0.09757299962078118,0.3085529169364141,0.0,0.0,0.4013955356970035,0.0011223406599125997,0.00019427706480489008,0.0006143580219155884,0.00019427706480489008,0.0006143580219155884,1.0,0.0,0.49925063093125416,0.48659508355267217
xz,3,0,1,size,0.0,0.0,0.0,0.0,0.40832102086227856,0.01523434517968598,0.00544293637044651,0.01632880911133953,0.00544293637044651,0.01632880911133953,1.0,0.0,0.37363412849113353,0.4665356303941788
xz,4,0,1,size,0.0,0.0,0.0,0.0,0.4054777883797805,0.009704565321926916,0.010965418845351705,0.032721101559529626,0.010965418845351705,0.032721101559529626,1.0,0.0,0.13930335352522627,0.31470200907049445
xz,0,0,1,time,0.07478376540757643,0.13866284309451316,0.0,0.0,0.4993712368631832,0.05671241150781271,0.683987344513892,0.15138842056697788,0.683987344513892,0.15138842056697788,0.19626360916278732,0.24959016715118118,0.3761633944008086,0.3367506452454183
xz,1,0,1,time,0.02766701983785324,0.028808393732872254,0.0,0.0,0.503856016420397,0.08057258803984231,0.864493900124198,0.11970553872911774,0.864493900124198,0.11970553872911774,0.1580215274094834,0.19351762876139672,0.6633332817402149,0.2857902179003002
xz,2,0,1,time,0.05713271117834092,0.07198377479603058,0.0,0.0,0.4934345857440029,0.08795747913558428,0.6556544744589857,0.2566369294837428,0.6556544744589857,0.2566369294837428,0.10019448032982528,0.06700589639883553,0.49032016053039656,0.41868918623001267
xz,3,0,1,time,0.06837707443003288,0.11192530093799062,0.0,0.0,0.5267703210894471,0.06613986179470854,0.7512124825145855,0.18210807610763755,0.7512124825145855,0.18210807610763755,0.13918984541795607,0.13087082916380025,0.5557153812882505,0.3771529921066421
xz,4,0,1,time,0.06395640554689275,0.16416747361900472,0.0,0.0,0.5570854094530024,0.05039891705603466,0.8178979138650769,0.2275182391902195,0.8178979138650769,0.2275182391902195,0.14231552852747376,0.2319439249700681,0.5250270861947073,0.4112625009766287
xz,0,0,1,size,0.18514857631371234,0.33237206382868184,0.0,0.0,0.4163059195646772,0.018005623213317765,0.011861471481016558,0.037509266281143004,0.011861471481016558,0.037509266281143004,1.0,0.0,0.44130069052068643,0.45255875029963605
xz,1,0,1,size,0.09538198527872999,0.30158635388650556,0.0,0.0,0.40897970060028077,0.014537662246683278,0.00900004616539166,0.028422695963187083,0.00900004616539166,0.028422695963187083,1.0,0.0,0.4284468129521328,0.4795296819003869
xz,2,0,1,size,0.09757299962078118,0.3085529169364141,0.0,0.0,0.4013955356970035,0.0011223406599125997,0.00019427706480489008,0.0006143580219155884,0.00019427706480489008,0.0006143580219155884,1.0,0.0,0.1324546907309362,0.3182006113993256
xz,3,0,1,size,0.0,0.0,0.0,0.0,0.40832102086227856,0.01523434517968598,0.00544293637044651,0.01632880911133953,0.00544293637044651,0.01632880911133953,1.0,0.0,0.44054659130674323,0.4781396070646835
xz,4,0,1,size,0.0,0.0,0.0,0.0,0.4054777883797805,0.009704565321926916,0.010965418845351705,0.032721101559529626,0.010965418845351705,0.032721101559529626,1.0,0.0,0.23196534284332265,0.4037404925888992
xz,0,0,2,size-time,0.6112579051070725,0.17339868301966652,0.44710304830930864,0.26400850209989274,0.7957380575036,0.1196670856740874,0.6812286295423091,0.19137792437387624,0.6812286295423091,0.19137792437387624,1.0,0.0,0.7981786206731903,0.2376716490069242
xz,1,0,2,size-time,0.5917521926348549,0.1955523932801189,0.5001093079843151,0.2639169252399995,0.8356874528788241,0.08940376379062995,0.6641888619649411,0.20078394113069378,0.6641888619649411,0.20078394113069378,1.0,0.0,0.7681918254043539,0.21400178482112742
xz,2,0,2,size-time,0.7427855969179584,0.20643514914235916,0.6169316043347749,0.2694433432949632,0.8626978757777632,0.0999943498113992,0.6769018158346356,0.24811656035245244,0.6769018158346356,0.24811656035245244,1.0,0.0,0.8433616845283332,0.19377350330625753
xz,3,0,2,size-time,0.7356496852920026,0.19681556664008504,0.6309099111401275,0.28053515204129054,0.8661947975757843,0.1069892710228302,0.7483206665663312,0.18870233067105727,0.7483206665663312,0.18870233067105727,1.0,0.0,0.8859903341711274,0.19005589762053965
xz,4,0,2,size-time,0.8100135432484,0.1783084513604323,0.7430863850240186,0.232257576349436,0.9146647329011528,0.09038646965314967,0.8420353688928027,0.17156015974178118,0.8420353688928027,0.17156015974178118,1.0,0.0,0.8926852234589133,0.1625401339757602
