system,num_performances,performances,num_configs,selected_configs,fold,train_cost,train_wcp_mean,train_wcp_max,test_wcp_mean,test_wcp_max,optimization_target
sqlite,1,['q8'],1,[np.int64(30)],1,0.08333,0.03989943084928946,0.08333333333333334,0.04380570914192675,0.08239700374531839,max
sqlite,1,['q8'],2,"[np.int64(8), np.int64(37)]",1,0.04215,0.004346840919495216,0.042151162790697666,0.0026808615139193403,0.019138755980861216,max
sqlite,1,['q8'],3,"[np.int64(34), np.int64(37), np.int64(42)]",1,0.01,0.0024686579434726745,0.009996001599360219,0.004148101455999656,0.02636534839924668,max
sqlite,1,['q8'],4,"[np.int64(6), np.int64(23), np.int64(37), np.int64(42)]",1,0.00822,0.0011287032668789647,0.008221225710014927,0.0021730953626199253,0.02354048964218453,max
sqlite,1,['q8'],5,"[np.int64(5), np.int64(6), np.int64(33), np.int64(37), np.int64(48)]",1,0.00458,0.000864198795709021,0.004577822990844339,0.0015944885983480434,0.016007532956685517,max
sqlite,1,['q8'],6,"[np.int64(5), np.int64(6), np.int64(33), np.int64(37), np.int64(47), np.int64(48)]",1,0.00416,0.0006685545126270007,0.004163927240850345,0.001011592181871154,0.009844559585492237,max
sqlite,1,['q8'],7,"[np.int64(5), np.int64(6), np.int64(23), np.int64(33), np.int64(37), np.int64(47), np.int64(48)]",1,0.00347,0.0004816250280653468,0.003472222222222226,0.0007090692062609416,0.009416195856873833,max
sqlite,1,['q8'],8,"[np.int64(5), np.int64(6), np.int64(8), np.int64(18), np.int64(23), np.int64(26), np.int64(33), np.int64(48)]",1,0.00313,0.00029719130957464005,0.003125000000000003,0.0002604124930013902,0.0022197558268590473,max
sqlite,1,['q8'],9,"[np.int64(5), np.int64(6), np.int64(8), np.int64(18), np.int64(19), np.int64(23), np.int64(26), np.int64(33), np.int64(48)]",1,0.00285,0.00022703316115986512,0.0028467908902691246,0.00021136786234957495,0.0022197558268590473,max
sqlite,1,['q8'],10,"[np.int64(5), np.int64(6), np.int64(8), np.int64(19), np.int64(23), np.int64(26), np.int64(33), np.int64(37), np.int64(42), np.int64(48)]",1,0.00167,0.00012382062220610266,0.0016735128556214663,0.00020967361271527298,0.0022197558268590473,max
sqlite,1,['q8'],11,"[np.int64(5), np.int64(6), np.int64(8), np.int64(19), np.int64(23), np.int64(25), np.int64(26), np.int64(33), np.int64(37), np.int64(42), np.int64(48)]",1,0.00124,8.75003413536726e-05,0.0012437810945273642,0.0001747439958931695,0.0022197558268590473,max
sqlite,1,['q8'],12,"[np.int64(5), np.int64(6), np.int64(8), np.int64(19), np.int64(23), np.int64(25), np.int64(26), np.int64(33), np.int64(37), np.int64(42), np.int64(46), np.int64(48)]",1,0.00092,3.8715433546151546e-05,0.0009228497600590428,0.0001352125791408627,0.0022197558268590473,max
sqlite,1,['q8'],13,"[np.int64(5), np.int64(6), np.int64(8), np.int64(19), np.int64(23), np.int64(25), np.int64(26), np.int64(33), np.int64(37), np.int64(38), np.int64(42), np.int64(46), np.int64(48)]",1,0.00049,2.1102280762486372e-05,0.0004942665085013734,0.0001352125791408627,0.0022197558268590473,max
sqlite,1,['q8'],14,"[np.int64(5), np.int64(6), np.int64(8), np.int64(19), np.int64(23), np.int64(25), np.int64(26), np.int64(29), np.int64(33), np.int64(37), np.int64(38), np.int64(42), np.int64(46), np.int64(48)]",1,0.00023,6.942927758181995e-06,0.0002334539512081503,0.00011428993961093995,0.0022197558268590473,max
sqlite,1,['q8'],15,"[np.int64(5), np.int64(6), np.int64(8), np.int64(19), np.int64(23), np.int64(25), np.int64(26), np.int64(29), np.int64(33), np.int64(37), np.int64(38), np.int64(42), np.int64(46), np.int64(47), np.int64(48)]",1,8e-05,4.78131709884727e-06,8.19672131147541e-05,1.6854896184420607e-05,0.0005181347150259073,max
sqlite,1,['q8'],16,"[np.int64(5), np.int64(6), np.int64(8), np.int64(19), np.int64(23), np.int64(25), np.int64(26), np.int64(28), np.int64(29), np.int64(30), np.int64(33), np.int64(38), np.int64(42), np.int64(46), np.int64(47), np.int64(48)]",1,4e-05,3.0169478177656496e-06,4.0731538430206515e-05,1.8186436597576843e-05,0.0005181347150259073,max
sqlite,1,['q8'],17,"[np.int64(5), np.int64(6), np.int64(8), np.int64(18), np.int64(19), np.int64(23), np.int64(25), np.int64(26), np.int64(28), np.int64(29), np.int64(33), np.int64(37), np.int64(38), np.int64(42), np.int64(46), np.int64(47), np.int64(48)]",1,2e-05,5.231649552307264e-07,2.0769294674752847e-05,1.4392630972941868e-05,0.0005181347150259073,max
sqlite,1,['q8'],18,"[np.int64(0), np.int64(5), np.int64(6), np.int64(8), np.int64(18), np.int64(19), np.int64(23), np.int64(25), np.int64(26), np.int64(28), np.int64(29), np.int64(33), np.int64(37), np.int64(38), np.int64(42), np.int64(46), np.int64(47), np.int64(48)]",1,2e-05,5.231649552307264e-07,2.0769294674752847e-05,1.4392630972941868e-05,0.0005181347150259073,max
sqlite,1,['q8'],1,[np.int64(37)],2,0.08167,0.04125334388225466,0.08166666666666668,0.039921447405592954,0.10606060606060605,max
sqlite,1,['q8'],2,"[np.int64(26), np.int64(45)]",2,0.02448,0.004281105134932917,0.024482109227871914,0.004793090929793551,0.04545454545454544,max
sqlite,1,['q8'],3,"[np.int64(1), np.int64(5), np.int64(32)]",2,0.01417,0.0029231051913657553,0.014173998044965797,0.0025244759865499,0.01077943615257049,max
sqlite,1,['q8'],4,"[np.int64(6), np.int64(8), np.int64(30), np.int64(42)]",2,0.00872,0.001189651773206977,0.008719481813652197,0.0013151349411717136,0.00997506234413966,max
sqlite,1,['q8'],5,"[np.int64(5), np.int64(6), np.int64(8), np.int64(18), np.int64(42)]",2,0.00722,0.0008150775995930169,0.007224713502740387,0.0011808748809734619,0.00997506234413966,max
sqlite,1,['q8'],6,"[np.int64(5), np.int64(6), np.int64(8), np.int64(18), np.int64(33), np.int64(48)]",2,0.0044,0.0005265133379066992,0.004398826979472144,0.0005533021878368321,0.003128911138923623,max
sqlite,1,['q8'],7,"[np.int64(5), np.int64(6), np.int64(8), np.int64(18), np.int64(33), np.int64(47), np.int64(48)]",2,0.00362,0.00036934990082800024,0.0036231884057971045,0.00047235153450544666,0.003128911138923623,max
sqlite,1,['q8'],8,"[np.int64(5), np.int64(6), np.int64(8), np.int64(18), np.int64(33), np.int64(42), np.int64(47), np.int64(48)]",2,0.00313,0.00026827600718558846,0.003125000000000003,0.00036137982114368847,0.003128911138923623,max
sqlite,1,['q8'],9,"[np.int64(5), np.int64(6), np.int64(8), np.int64(18), np.int64(19), np.int64(33), np.int64(42), np.int64(47), np.int64(48)]",2,0.00221,0.0002018484088872173,0.0022099447513812174,0.00036137982114368847,0.003128911138923623,max
sqlite,1,['q8'],10,"[np.int64(5), np.int64(6), np.int64(8), np.int64(19), np.int64(23), np.int64(30), np.int64(33), np.int64(42), np.int64(47), np.int64(48)]",2,0.00149,0.00013491892260152676,0.0014947683109118098,0.00027046058275243136,0.0030525030525030555,max
sqlite,1,['q8'],11,"[np.int64(5), np.int64(6), np.int64(8), np.int64(19), np.int64(23), np.int64(26), np.int64(33), np.int64(37), np.int64(42), np.int64(47), np.int64(48)]",2,0.0014,0.00010882093211749336,0.001396258028483634,0.00013166826191510716,0.0016735128556214663,max
sqlite,1,['q8'],12,"[np.int64(5), np.int64(6), np.int64(8), np.int64(19), np.int64(23), np.int64(25), np.int64(26), np.int64(33), np.int64(37), np.int64(42), np.int64(47), np.int64(48)]",2,0.00102,7.635293506159792e-05,0.001017293997965413,8.518179370339978e-05,0.0012437810945273642,max
sqlite,1,['q8'],13,"[np.int64(5), np.int64(6), np.int64(8), np.int64(10), np.int64(19), np.int64(23), np.int64(25), np.int64(26), np.int64(33), np.int64(38), np.int64(42), np.int64(47), np.int64(48)]",2,0.00086,7.09055873605108e-05,0.0008598452278589863,0.00010068980016929467,0.0012437810945273642,max
sqlite,1,['q8'],14,"[np.int64(5), np.int64(6), np.int64(8), np.int64(19), np.int64(23), np.int64(25), np.int64(26), np.int64(33), np.int64(37), np.int64(38), np.int64(42), np.int64(46), np.int64(47), np.int64(48)]",2,0.00052,2.2438938125195922e-05,0.0005181347150259073,1.4758936437309802e-05,0.00040387722132471764,max
sqlite,1,['q8'],15,"[np.int64(4), np.int64(5), np.int64(6), np.int64(8), np.int64(19), np.int64(23), np.int64(25), np.int64(26), np.int64(33), np.int64(37), np.int64(38), np.int64(42), np.int64(46), np.int64(47), np.int64(48)]",2,0.00049,1.764139446754863e-05,0.0004942665085013734,1.4758936437309802e-05,0.00040387722132471764,max
sqlite,1,['q8'],16,"[np.int64(4), np.int64(5), np.int64(6), np.int64(8), np.int64(19), np.int64(23), np.int64(25), np.int64(26), np.int64(29), np.int64(33), np.int64(37), np.int64(38), np.int64(42), np.int64(46), np.int64(47), np.int64(48)]",2,8e-05,4.4220305913917086e-06,8.19672131147541e-05,3.540124733845422e-06,7.908576851595555e-05,max
sqlite,1,['q8'],17,"[np.int64(4), np.int64(5), np.int64(6), np.int64(8), np.int64(19), np.int64(23), np.int64(25), np.int64(26), np.int64(29), np.int64(30), np.int64(33), np.int64(37), np.int64(38), np.int64(42), np.int64(46), np.int64(47), np.int64(48)]",2,4e-05,2.8590614946572994e-06,4.098360655737705e-05,3.540124733845422e-06,7.908576851595555e-05,max
sqlite,1,['q8'],18,"[np.int64(4), np.int64(5), np.int64(6), np.int64(8), np.int64(18), np.int64(19), np.int64(23), np.int64(25), np.int64(26), np.int64(28), np.int64(29), np.int64(33), np.int64(37), np.int64(38), np.int64(42), np.int64(46), np.int64(47), np.int64(48)]",2,2e-05,3.7141113634587426e-07,2.0769294674752847e-05,4.552614566545567e-07,1.638941243956404e-05,max
sqlite,1,['q8'],19,"[np.int64(0), np.int64(4), np.int64(5), np.int64(6), np.int64(8), np.int64(18), np.int64(19), np.int64(23), np.int64(25), np.int64(26), np.int64(28), np.int64(29), np.int64(33), np.int64(37), np.int64(38), np.int64(42), np.int64(46), np.int64(47), np.int64(48)]",2,2e-05,3.7141113634587426e-07,2.0769294674752847e-05,4.552614566545567e-07,1.638941243956404e-05,max
sqlite,1,['q8'],1,[np.int64(1)],3,0.07678,0.04139286855106389,0.07677902621722849,0.043657467874878696,0.11562500000000003,max
sqlite,1,['q8'],2,"[np.int64(24), np.int64(45)]",3,0.02273,0.006346901776494967,0.022727272727272745,0.0080100123872404,0.04739336492890992,max
sqlite,1,['q8'],3,"[np.int64(8), np.int64(42), np.int64(45)]",3,0.01039,0.0017710162637055357,0.010388190267905969,0.002482065764943095,0.015613382899628266,max
sqlite,1,['q8'],4,"[np.int64(8), np.int64(42), np.int64(45), np.int64(48)]",3,0.00881,0.001071475702689804,0.008810572687224677,0.0015986055905417669,0.007633587786259549,max
sqlite,1,['q8'],5,"[np.int64(5), np.int64(6), np.int64(8), np.int64(45), np.int64(48)]",3,0.0044,0.0007086832129337418,0.004398826979472144,0.0009857527387020875,0.012500000000000013,max
sqlite,1,['q8'],6,"[np.int64(1), np.int64(6), np.int64(8), np.int64(42), np.int64(46), np.int64(48)]",3,0.00333,0.00045035609664085223,0.0033296337402885707,0.0010895740191201831,0.007633587786259549,max
sqlite,1,['q8'],7,"[np.int64(1), np.int64(5), np.int64(6), np.int64(8), np.int64(23), np.int64(26), np.int64(48)]",3,0.00285,0.0003660291675553168,0.0028467908902691246,0.0005095948577856688,0.005000000000000004,max
sqlite,1,['q8'],8,"[np.int64(6), np.int64(8), np.int64(23), np.int64(26), np.int64(33), np.int64(37), np.int64(42), np.int64(48)]",3,0.00222,0.00022310679896916092,0.0022197558268590473,0.0006071840103561081,0.007633587786259549,max
sqlite,1,['q8'],9,"[np.int64(6), np.int64(8), np.int64(23), np.int64(26), np.int64(33), np.int64(37), np.int64(42), np.int64(47), np.int64(48)]",3,0.00172,0.0001769849805514401,0.0017196904557179725,0.0005360171378968294,0.007633587786259549,max
sqlite,1,['q8'],10,"[np.int64(6), np.int64(8), np.int64(23), np.int64(26), np.int64(33), np.int64(37), np.int64(42), np.int64(46), np.int64(47), np.int64(48)]",3,0.00167,0.00010154682788342621,0.0016735128556214663,0.0005115986468200448,0.007633587786259549,max
sqlite,1,['q8'],11,"[np.int64(5), np.int64(6), np.int64(8), np.int64(23), np.int64(25), np.int64(26), np.int64(33), np.int64(37), np.int64(42), np.int64(47), np.int64(48)]",3,0.00124,9.633555143455224e-05,0.0012437810945273642,0.00022451673947965027,0.003125000000000003,max
sqlite,1,['q8'],12,"[np.int64(5), np.int64(6), np.int64(8), np.int64(23), np.int64(25), np.int64(26), np.int64(33), np.int64(37), np.int64(42), np.int64(46), np.int64(47), np.int64(48)]",3,0.00103,4.0130757354267953e-05,0.0010273268954181002,0.00021056331600720132,0.003125000000000003,max
sqlite,1,['q8'],13,"[np.int64(5), np.int64(6), np.int64(8), np.int64(19), np.int64(23), np.int64(25), np.int64(26), np.int64(33), np.int64(37), np.int64(42), np.int64(46), np.int64(47), np.int64(48)]",3,0.00055,2.4579716893355168e-05,0.0005515719801434296,5.7933642494826225e-05,0.0009228497600590428,max
sqlite,1,['q8'],14,"[np.int64(5), np.int64(6), np.int64(8), np.int64(19), np.int64(23), np.int64(25), np.int64(26), np.int64(33), np.int64(37), np.int64(38), np.int64(42), np.int64(46), np.int64(47), np.int64(48)]",3,0.00052,1.659227462508899e-05,0.0005181347150259073,3.2298926937630596e-05,0.0004942665085013734,max
sqlite,1,['q8'],15,"[np.int64(4), np.int64(5), np.int64(6), np.int64(8), np.int64(19), np.int64(23), np.int64(25), np.int64(26), np.int64(33), np.int64(37), np.int64(38), np.int64(42), np.int64(46), np.int64(47), np.int64(48)]",3,0.0004,1.17947309674417e-05,0.00040387722132471764,3.2298926937630596e-05,0.0004942665085013734,max
sqlite,1,['q8'],16,"[np.int64(1), np.int64(4), np.int64(5), np.int64(6), np.int64(8), np.int64(19), np.int64(23), np.int64(25), np.int64(26), np.int64(29), np.int64(33), np.int64(38), np.int64(42), np.int64(46), np.int64(47), np.int64(48)]",3,4e-05,3.299725429321945e-06,4.0731538430206515e-05,5.395399313104061e-06,8.19672131147541e-05,max
sqlite,1,['q8'],17,"[np.int64(0), np.int64(1), np.int64(4), np.int64(5), np.int64(6), np.int64(8), np.int64(19), np.int64(23), np.int64(25), np.int64(26), np.int64(29), np.int64(33), np.int64(38), np.int64(42), np.int64(46), np.int64(47), np.int64(48)]",3,4e-05,3.299725429321945e-06,4.0731538430206515e-05,5.395399313104061e-06,8.19672131147541e-05,max
sqlite,1,['q8'],1,[np.int64(30)],4,0.08333,0.041454117166756094,0.08333333333333334,0.03914165018952688,0.05949367088607596,max
sqlite,1,['q8'],2,"[np.int64(33), np.int64(45)]",4,0.02471,0.004049325716807392,0.024709302325581415,0.0051851281375023895,0.08810572687224671,max
sqlite,1,['q8'],3,"[np.int64(15), np.int64(42), np.int64(45)]",4,0.01158,0.002881505996106231,0.011583011583011626,0.0037975140136060886,0.06167400881057269,max
sqlite,1,['q8'],4,"[np.int64(8), np.int64(42), np.int64(45), np.int64(48)]",4,0.00763,0.0012062672602647458,0.007633587786259549,0.001194230917816941,0.008810572687224677,max
sqlite,1,['q8'],5,"[np.int64(5), np.int64(29), np.int64(33), np.int64(37), np.int64(48)]",4,0.00565,0.0009168411959958308,0.0056497175141243,0.0019392894763888453,0.030837004405286375,max
sqlite,1,['q8'],6,"[np.int64(5), np.int64(6), np.int64(8), np.int64(33), np.int64(37), np.int64(48)]",4,0.00333,0.00046770862262182704,0.0033296337402885707,0.0007259401390300606,0.004398826979472144,max
sqlite,1,['q8'],7,"[np.int64(5), np.int64(6), np.int64(8), np.int64(33), np.int64(37), np.int64(47), np.int64(48)]",4,0.00313,0.000372926031005974,0.003128911138923623,0.0004578469493101377,0.0036231884057971045,max
sqlite,1,['q8'],8,"[np.int64(5), np.int64(8), np.int64(19), np.int64(23), np.int64(26), np.int64(33), np.int64(37), np.int64(48)]",4,0.00222,0.00025669204672650763,0.0022197558268590473,0.0006706993760552701,0.008810572687224677,max
sqlite,1,['q8'],9,"[np.int64(5), np.int64(8), np.int64(19), np.int64(23), np.int64(26), np.int64(33), np.int64(37), np.int64(47), np.int64(48)]",4,0.00202,0.00019996364278422867,0.002019386106623588,0.0006706993760552701,0.008810572687224677,max
sqlite,1,['q8'],10,"[np.int64(5), np.int64(8), np.int64(19), np.int64(23), np.int64(26), np.int64(33), np.int64(37), np.int64(42), np.int64(47), np.int64(48)]",4,0.00167,0.00015134611160938673,0.0016735128556214663,0.0005039727480218206,0.008810572687224677,max
sqlite,1,['q8'],11,"[np.int64(5), np.int64(6), np.int64(8), np.int64(19), np.int64(23), np.int64(26), np.int64(29), np.int64(33), np.int64(37), np.int64(47), np.int64(48)]",4,0.00126,0.00011709321400049185,0.0012574662055957256,0.00027441531556339727,0.002587991718426503,max
sqlite,1,['q8'],12,"[np.int64(5), np.int64(6), np.int64(8), np.int64(19), np.int64(23), np.int64(25), np.int64(26), np.int64(33), np.int64(37), np.int64(42), np.int64(47), np.int64(48)]",4,0.00124,7.39513389754748e-05,0.0012437810945273642,9.238658196176913e-05,0.001017293997965413,max
sqlite,1,['q8'],13,"[np.int64(5), np.int64(8), np.int64(19), np.int64(23), np.int64(25), np.int64(26), np.int64(33), np.int64(37), np.int64(38), np.int64(42), np.int64(46), np.int64(47), np.int64(48)]",4,0.00089,5.4892018673124145e-05,0.0008927242969795838,0.0003930825342677151,0.008810572687224677,max
sqlite,1,['q8'],14,"[np.int64(5), np.int64(6), np.int64(8), np.int64(19), np.int64(23), np.int64(25), np.int64(26), np.int64(33), np.int64(37), np.int64(38), np.int64(42), np.int64(46), np.int64(47), np.int64(48)]",4,0.00052,2.4103867959461007e-05,0.0005181347150259073,9.764146934514547e-06,0.00020796506186958298,max
sqlite,1,['q8'],15,"[np.int64(4), np.int64(5), np.int64(6), np.int64(8), np.int64(19), np.int64(23), np.int64(25), np.int64(26), np.int64(33), np.int64(37), np.int64(38), np.int64(42), np.int64(46), np.int64(47), np.int64(48)]",4,0.00049,1.9306324301813717e-05,0.0004942665085013734,9.764146934514547e-06,0.00020796506186958298,max
sqlite,1,['q8'],16,"[np.int64(4), np.int64(5), np.int64(6), np.int64(8), np.int64(19), np.int64(23), np.int64(25), np.int64(26), np.int64(29), np.int64(33), np.int64(37), np.int64(38), np.int64(42), np.int64(46), np.int64(47), np.int64(48)]",4,8e-05,4.272958949220361e-06,8.19672131147541e-05,3.987339660359464e-06,4.1017227235438884e-05,max
sqlite,1,['q8'],17,"[np.int64(4), np.int64(5), np.int64(6), np.int64(8), np.int64(19), np.int64(23), np.int64(25), np.int64(26), np.int64(28), np.int64(29), np.int64(30), np.int64(33), np.int64(38), np.int64(42), np.int64(46), np.int64(47), np.int64(48)]",4,4e-05,3.570724907873729e-06,4.0731538430206515e-05,2.1324743543107326e-06,2.0621533004763574e-05,max
sqlite,1,['q8'],18,"[np.int64(4), np.int64(5), np.int64(6), np.int64(8), np.int64(18), np.int64(19), np.int64(23), np.int64(25), np.int64(26), np.int64(28), np.int64(29), np.int64(33), np.int64(37), np.int64(38), np.int64(42), np.int64(46), np.int64(47), np.int64(48)]",4,2e-05,1.5175381888485223e-07,1.638941243956404e-05,1.1142334090376227e-06,2.0769294674752847e-05,max
sqlite,1,['q8'],19,"[np.int64(1), np.int64(4), np.int64(5), np.int64(6), np.int64(8), np.int64(18), np.int64(19), np.int64(23), np.int64(25), np.int64(26), np.int64(28), np.int64(29), np.int64(33), np.int64(37), np.int64(38), np.int64(42), np.int64(46), np.int64(47), np.int64(48)]",4,0.0,0.0,0.0,5.76924852076468e-07,2.0769294674752847e-05,max
sqlite,2,"['q8', 'q10']",1,[np.int64(1)],1,0.20805,0.04830258073517423,0.20805369127516785,0.05427988195847217,0.13749999999999998,max
sqlite,2,"['q8', 'q10']",2,"[np.int64(30), np.int64(48)]",1,0.07018,0.011356660903267203,0.07017543859649117,0.011452363763189307,0.05588822355289426,max
sqlite,2,"['q8', 'q10']",3,"[np.int64(5), np.int64(26), np.int64(37)]",1,0.02668,0.006546883725020437,0.02668402212821342,0.008268482350470214,0.03558052434456927,max
sqlite,2,"['q8', 'q10']",4,"[np.int64(3), np.int64(18), np.int64(24), np.int64(26)]",1,0.01774,0.0056956528034020105,0.017738359201773853,0.0069691264692393,0.01943734015345259,max
sqlite,2,"['q8', 'q10']",5,"[np.int64(6), np.int64(26), np.int64(33), np.int64(37), np.int64(47)]",1,0.01515,0.004289092495878133,0.015151515151515164,0.005428299386962666,0.014705882352941053,max
sqlite,2,"['q8', 'q10']",6,"[np.int64(18), np.int64(21), np.int64(26), np.int64(31), np.int64(33), np.int64(47)]",1,0.01515,0.004300458877923594,0.015151515151515164,0.005014639597532669,0.014705882352941053,max
sqlite,2,"['q8', 'q10']",1,[np.int64(1)],2,0.20805,0.05076459759842527,0.20805369127516785,0.046893831368719066,0.10937499999999999,max
sqlite,2,"['q8', 'q10']",2,"[np.int64(23), np.int64(30)]",2,0.0628,0.01083621653958741,0.06279733587059948,0.012502246271266516,0.09374999999999997,max
sqlite,2,"['q8', 'q10']",3,"[np.int64(25), np.int64(27), np.int64(33)]",2,0.02804,0.006916221340546998,0.028037383177570117,0.007090335326399238,0.03124999999999992,max
sqlite,2,"['q8', 'q10']",4,"[np.int64(26), np.int64(33), np.int64(38), np.int64(45)]",2,0.01754,0.005367721887678282,0.01754385964912278,0.005063064605840842,0.022727272727272745,max
sqlite,2,"['q8', 'q10']",5,"[np.int64(15), np.int64(26), np.int64(33), np.int64(42), np.int64(45)]",2,0.0138,0.004613176577847302,0.013801035077630835,0.004793427845387218,0.03124999999999992,max
sqlite,2,"['q8', 'q10']",6,"[np.int64(6), np.int64(15), np.int64(25), np.int64(26), np.int64(29), np.int64(45)]",2,0.01177,0.004042024058991049,0.011770031688546963,0.004971368837278326,0.022727272727272745,max
sqlite,2,"['q8', 'q10']",7,"[np.int64(6), np.int64(15), np.int64(25), np.int64(26), np.int64(29), np.int64(38), np.int64(45)]",2,0.01075,0.003770881652731611,0.010752688172043019,0.00434339628208041,0.022727272727272745,max
sqlite,2,"['q8', 'q10']",8,"[np.int64(6), np.int64(15), np.int64(25), np.int64(26), np.int64(29), np.int64(38), np.int64(42), np.int64(45)]",2,0.01036,0.0034994486084934484,0.010357815442561216,0.004315037141929535,0.022727272727272745,max
sqlite,2,"['q8', 'q10']",9,"[np.int64(0), np.int64(6), np.int64(15), np.int64(25), np.int64(26), np.int64(29), np.int64(38), np.int64(42), np.int64(45)]",2,0.01036,0.0034994486084934484,0.010357815442561216,0.004315037141929535,0.022727272727272745,max
sqlite,2,"['q8', 'q10']",1,[np.int64(1)],3,0.1375,0.04914107193784866,0.13749999999999998,0.05176440835044885,0.20805369127516785,max
sqlite,2,"['q8', 'q10']",2,"[np.int64(27), np.int64(31)]",3,0.05,0.01089785546294699,0.05000000000000004,0.016319882046214006,0.12080536912751677,max
sqlite,2,"['q8', 'q10']",3,"[np.int64(3), np.int64(34), np.int64(37)]",3,0.02096,0.007334933874730478,0.02096069868995635,0.012192247495348772,0.1476510067114094,max
sqlite,2,"['q8', 'q10']",4,"[np.int64(26), np.int64(33), np.int64(37), np.int64(47)]",3,0.01515,0.005321939221776407,0.015151515151515164,0.007209416324026581,0.08099688473520256,max
sqlite,2,"['q8', 'q10']",5,"[np.int64(0), np.int64(26), np.int64(33), np.int64(37), np.int64(47)]",3,0.01515,0.005321939221776407,0.015151515151515164,0.007209416324026581,0.08099688473520256,max
sqlite,2,"['q8', 'q10']",1,[np.int64(18)],4,0.15,0.049263082053677985,0.15,0.05320108565236032,0.2280991735537191,max
sqlite,2,"['q8', 'q10']",2,"[np.int64(37), np.int64(48)]",4,0.05589,0.011535429865613775,0.05588822355289426,0.01197769033509271,0.10526315789473682,max
sqlite,2,"['q8', 'q10']",3,"[np.int64(1), np.int64(33), np.int64(38)]",4,0.02471,0.006329329759220447,0.024709302325581415,0.00948778083766441,0.08810572687224671,max
sqlite,2,"['q8', 'q10']",4,"[np.int64(5), np.int64(26), np.int64(33), np.int64(37)]",4,0.01613,0.00565287586199228,0.01612903225806453,0.004767711805313698,0.01838235294117649,max
sqlite,2,"['q8', 'q10']",5,"[np.int64(33), np.int64(37), np.int64(38), np.int64(47), np.int64(48)]",4,0.01515,0.00461299138535987,0.015151515151515164,0.004730795908507037,0.022151898734177198,max
sqlite,2,"['q8', 'q10']",6,"[np.int64(18), np.int64(23), np.int64(31), np.int64(32), np.int64(34), np.int64(47)]",4,0.01515,0.0046830795266767965,0.015151515151515164,0.0044364402274151195,0.017543859649122702,max
sqlite,3,"['q8', 'q10', 'q2']",1,[np.int64(26)],1,0.96746,0.28484728423483074,0.9674556213017752,0.2514052432503504,0.9711879432624113,max
sqlite,3,"['q8', 'q10', 'q2']",2,"[np.int64(4), np.int64(45)]",1,0.14286,0.034360911647049616,0.1428571428571429,0.035284969511610795,0.11203319502074688,max
sqlite,3,"['q8', 'q10', 'q2']",3,"[np.int64(8), np.int64(38), np.int64(45)]",1,0.08401,0.021768765856515312,0.08401084010840103,0.022575645178335876,0.08333333333333336,max
sqlite,3,"['q8', 'q10', 'q2']",4,"[np.int64(4), np.int64(8), np.int64(45), np.int64(48)]",1,0.07143,0.017217457784489364,0.0714285714285715,0.022339388654980315,0.09958506224066388,max
sqlite,3,"['q8', 'q10', 'q2']",5,"[np.int64(1), np.int64(8), np.int64(15), np.int64(33), np.int64(34)]",1,0.07143,0.012086447913674248,0.0714285714285715,0.018022524291073153,0.08333333333333336,max
sqlite,3,"['q8', 'q10', 'q2']",1,[np.int64(24)],2,0.96544,0.2649008427360367,0.9654435340220876,0.298910558733759,0.97493908806126,max
sqlite,3,"['q8', 'q10', 'q2']",2,"[np.int64(45), np.int64(46)]",2,0.13615,0.0343575963530741,0.136150234741784,0.046495283001940904,0.3846153846153845,max
sqlite,3,"['q8', 'q10', 'q2']",3,"[np.int64(8), np.int64(38), np.int64(45)]",2,0.08401,0.022083022763497603,0.08401084010840103,0.02163287445738903,0.08294930875576037,max
sqlite,3,"['q8', 'q10', 'q2']",4,"[np.int64(8), np.int64(38), np.int64(45), np.int64(48)]",2,0.07143,0.016999737323284265,0.0714285714285715,0.017951250269009848,0.08294930875576037,max
sqlite,3,"['q8', 'q10', 'q2']",5,"[np.int64(7), np.int64(8), np.int64(32), np.int64(33), np.int64(48)]",2,0.07143,0.01551032716922978,0.0714285714285715,0.011590190177654879,0.05737704918032781,max
sqlite,3,"['q8', 'q10', 'q2']",1,[np.int64(3)],3,0.96746,0.27079771037375616,0.9674556213017752,0.2716174584305263,0.9665963431786216,max
sqlite,3,"['q8', 'q10', 'q2']",2,"[np.int64(4), np.int64(45)]",3,0.11486,0.0338846697243154,0.11486486486486489,0.036713695279813455,0.1428571428571429,max
sqlite,3,"['q8', 'q10', 'q2']",3,"[np.int64(8), np.int64(28), np.int64(38)]",3,0.08333,0.020047323629068962,0.08333333333333336,0.02673332701900945,0.08401084010840103,max
sqlite,3,"['q8', 'q10', 'q2']",4,"[np.int64(4), np.int64(6), np.int64(25), np.int64(28)]",3,0.05655,0.01565369012762435,0.056547619047619097,0.024089682173511193,0.1428571428571429,max
sqlite,3,"['q8', 'q10', 'q2']",5,"[np.int64(4), np.int64(5), np.int64(6), np.int64(25), np.int64(28)]",3,0.05229,0.013827678249447261,0.052287581699346365,0.021416610856035998,0.11904761904761908,max
sqlite,3,"['q8', 'q10', 'q2']",6,"[np.int64(3), np.int64(4), np.int64(6), np.int64(8), np.int64(28), np.int64(33)]",3,0.03991,0.010258976623978504,0.039906103286385004,0.013804732465685235,0.0797101449275363,max
sqlite,3,"['q8', 'q10', 'q2']",7,"[np.int64(6), np.int64(8), np.int64(28), np.int64(31), np.int64(33), np.int64(38), np.int64(48)]",3,0.03286,0.008808484470814197,0.03286384976525824,0.012521481570529474,0.0714285714285715,max
sqlite,3,"['q8', 'q10', 'q2']",8,"[np.int64(0), np.int64(6), np.int64(8), np.int64(28), np.int64(31), np.int64(33), np.int64(38), np.int64(48)]",3,0.03286,0.008808484470814197,0.03286384976525824,0.012521481570529474,0.0714285714285715,max
sqlite,3,"['q8', 'q10', 'q2']",1,[np.int64(3)],4,0.9666,0.2714008737967058,0.9665963431786216,0.26980796816167746,0.9674556213017752,max
sqlite,3,"['q8', 'q10', 'q2']",2,"[np.int64(4), np.int64(30)]",4,0.14286,0.03577710824632973,0.1428571428571429,0.029902772678050235,0.11486486486486489,max
sqlite,3,"['q8', 'q10', 'q2']",3,"[np.int64(8), np.int64(37), np.int64(38)]",4,0.08401,0.023446405790468812,0.08401084010840103,0.016328382584575574,0.0815217391304348,max
sqlite,3,"['q8', 'q10', 'q2']",4,"[np.int64(1), np.int64(6), np.int64(23), np.int64(33)]",4,0.07143,0.016287642226425546,0.0714285714285715,0.015701688367841124,0.09375000000000003,max
sqlite,3,"['q8', 'q10', 'q2']",5,"[np.int64(1), np.int64(6), np.int64(23), np.int64(33), np.int64(49)]",4,0.07143,0.016287642226425546,0.0714285714285715,0.015701688367841124,0.09375000000000003,max
sqlite,4,"['q8', 'q10', 'q2', 'q13']",1,[np.int64(26)],1,0.96746,0.28853418056806557,0.9674556213017752,0.2541676197549079,0.9711879432624113,max
sqlite,4,"['q8', 'q10', 'q2', 'q13']",2,"[np.int64(4), np.int64(45)]",1,0.14286,0.037692743967053126,0.1428571428571429,0.041584819596039685,0.11659192825112105,max
sqlite,4,"['q8', 'q10', 'q2', 'q13']",3,"[np.int64(4), np.int64(23), np.int64(45)]",1,0.10458,0.02969489566841139,0.10457516339869273,0.03473495024247312,0.10891089108910888,max
sqlite,4,"['q8', 'q10', 'q2', 'q13']",4,"[np.int64(8), np.int64(26), np.int64(34), np.int64(45)]",1,0.07971,0.021318845377751663,0.0797101449275363,0.022972499192328744,0.08333333333333336,max
sqlite,4,"['q8', 'q10', 'q2', 'q13']",5,"[np.int64(6), np.int64(8), np.int64(33), np.int64(45), np.int64(47)]",1,0.07143,0.016344937052024562,0.0714285714285715,0.01822051885760906,0.06766917293233084,max
sqlite,4,"['q8', 'q10', 'q2', 'q13']",6,"[np.int64(4), np.int64(6), np.int64(8), np.int64(25), np.int64(37), np.int64(42)]",1,0.07143,0.01750964289245031,0.0714285714285715,0.017816227083507358,0.06306306306306304,max
sqlite,4,"['q8', 'q10', 'q2', 'q13']",1,[np.int64(24)],2,0.96544,0.26867012965375897,0.9654435340220876,0.3028639522561406,0.97493908806126,max
sqlite,4,"['q8', 'q10', 'q2', 'q13']",2,"[np.int64(4), np.int64(45)]",2,0.14286,0.03800303575519107,0.1428571428571429,0.040653944231625855,0.10457516339869273,max
sqlite,4,"['q8', 'q10', 'q2', 'q13']",3,"[np.int64(8), np.int64(33), np.int64(45)]",2,0.09816,0.025395811609964042,0.098159509202454,0.02810019517645632,0.2777777777777777,max
sqlite,4,"['q8', 'q10', 'q2', 'q13']",4,"[np.int64(15), np.int64(23), np.int64(24), np.int64(45)]",2,0.07921,0.02280290143592787,0.07920792079207921,0.026222832556443813,0.0915032679738562,max
sqlite,4,"['q8', 'q10', 'q2', 'q13']",5,"[np.int64(6), np.int64(8), np.int64(33), np.int64(37), np.int64(47)]",2,0.07143,0.016481615679010145,0.0714285714285715,0.016537050690327647,0.052287581699346365,max
sqlite,4,"['q8', 'q10', 'q2', 'q13']",6,"[np.int64(6), np.int64(8), np.int64(24), np.int64(33), np.int64(37), np.int64(46)]",2,0.07143,0.01520295825125526,0.0714285714285715,0.016334644467029737,0.052287581699346365,max
sqlite,4,"['q8', 'q10', 'q2', 'q13']",1,[np.int64(3)],3,0.96746,0.27268421515815644,0.9674556213017752,0.27493377150983456,0.9665963431786216,max
sqlite,4,"['q8', 'q10', 'q2', 'q13']",2,"[np.int64(4), np.int64(45)]",3,0.11659,0.038331355564832935,0.11659192825112105,0.03966898480270026,0.1428571428571429,max
sqlite,4,"['q8', 'q10', 'q2', 'q13']",3,"[np.int64(4), np.int64(6), np.int64(43)]",3,0.09649,0.02642924030291031,0.0964912280701754,0.030509468369934734,0.1428571428571429,max
sqlite,4,"['q8', 'q10', 'q2', 'q13']",4,"[np.int64(6), np.int64(24), np.int64(33), np.int64(37)]",3,0.06696,0.02027346306861796,0.0669642857142857,0.02315155039471973,0.16666666666666674,max
sqlite,4,"['q8', 'q10', 'q2', 'q13']",5,"[np.int64(6), np.int64(8), np.int64(15), np.int64(33), np.int64(37)]",3,0.05431,0.016468551556819002,0.054313099041533516,0.0194177995972788,0.07843137254901962,max
sqlite,4,"['q8', 'q10', 'q2', 'q13']",6,"[np.int64(6), np.int64(8), np.int64(15), np.int64(33), np.int64(37), np.int64(48)]",3,0.05028,0.013773453947670591,0.050279329608938515,0.018349793667016306,0.07843137254901962,max
sqlite,4,"['q8', 'q10', 'q2', 'q13']",7,"[np.int64(6), np.int64(8), np.int64(15), np.int64(23), np.int64(33), np.int64(37), np.int64(48)]",3,0.04695,0.012507708580696861,0.04694835680751178,0.016915233967649237,0.0714285714285715,max
sqlite,4,"['q8', 'q10', 'q2', 'q13']",8,"[np.int64(6), np.int64(8), np.int64(15), np.int64(23), np.int64(28), np.int64(31), np.int64(33), np.int64(48)]",3,0.04687,0.011937361584604192,0.04687499999999993,0.015717311932056124,0.0714285714285715,max
sqlite,4,"['q8', 'q10', 'q2', 'q13']",9,"[np.int64(6), np.int64(8), np.int64(15), np.int64(23), np.int64(29), np.int64(33), np.int64(34), np.int64(43), np.int64(48)]",3,0.04687,0.01230476109077064,0.04687499999999993,0.01527309494392886,0.0714285714285715,max
sqlite,4,"['q8', 'q10', 'q2', 'q13']",1,[np.int64(3)],4,0.9666,0.2740290182515829,0.9665963431786216,0.2708993622295553,0.9674556213017752,max
sqlite,4,"['q8', 'q10', 'q2', 'q13']",2,"[np.int64(4), np.int64(43)]",4,0.14286,0.04068195424365504,0.1428571428571429,0.03263633886132497,0.11486486486486489,max
sqlite,4,"['q8', 'q10', 'q2', 'q13']",3,"[np.int64(15), np.int64(23), np.int64(45)]",4,0.09966,0.030611913100636164,0.09965635738831613,0.0246139645727137,0.1320754716981132,max
sqlite,4,"['q8', 'q10', 'q2', 'q13']",4,"[np.int64(6), np.int64(23), np.int64(33), np.int64(45)]",4,0.07143,0.021290912461423856,0.0714285714285715,0.018565318336030652,0.1320754716981132,max
sqlite,4,"['q8', 'q10', 'q2', 'q13']",5,"[np.int64(6), np.int64(23), np.int64(33), np.int64(45), np.int64(49)]",4,0.07143,0.021290912461423856,0.0714285714285715,0.018565318336030652,0.1320754716981132,max
sqlite,5,"['q8', 'q10', 'q2', 'q13', 'q5']",1,[np.int64(37)],1,0.98357,0.6758710441164374,0.9835680751173709,0.7081715836965837,0.964071856287425,max
sqlite,5,"['q8', 'q10', 'q2', 'q13', 'q5']",2,"[np.int64(37), np.int64(47)]",1,0.82657,0.2931190283343827,0.8265682656826578,0.24923647033598811,0.7849829351535843,max
sqlite,5,"['q8', 'q10', 'q2', 'q13', 'q5']",3,"[np.int64(26), np.int64(29), np.int64(45)]",1,0.7791,0.2346290006819274,0.7791044776119408,0.22265816882178363,0.7857142857142873,max
sqlite,5,"['q8', 'q10', 'q2', 'q13', 'q5']",4,"[np.int64(18), np.int64(19), np.int64(38), np.int64(47)]",1,0.76384,0.2227367460788883,0.7638376383763835,0.1906080848478981,0.7542662116040951,max
sqlite,5,"['q8', 'q10', 'q2', 'q13', 'q5']",5,"[np.int64(1), np.int64(15), np.int64(19), np.int64(24), np.int64(38)]",1,0.76384,0.20585872797694962,0.7638376383763835,0.18769036891387192,0.7631578947368428,max
sqlite,5,"['q8', 'q10', 'q2', 'q13', 'q5']",1,[np.int64(37)],2,0.96815,0.6905566440851592,0.9681528662420382,0.6641147837904183,0.9835680751173709,max
sqlite,5,"['q8', 'q10', 'q2', 'q13', 'q5']",2,"[np.int64(37), np.int64(47)]",2,0.81789,0.3017383952734204,0.8178913738019183,0.22337836951887516,0.8265682656826578,max
sqlite,5,"['q8', 'q10', 'q2', 'q13', 'q5']",3,"[np.int64(10), np.int64(25), np.int64(47)]",2,0.76589,0.24391497964878678,0.7658862876254171,0.19521368935161978,0.8265682656826578,max
sqlite,5,"['q8', 'q10', 'q2', 'q13', 'q5']",4,"[np.int64(10), np.int64(25), np.int64(42), np.int64(47)]",2,0.75251,0.22680444031046407,0.7525083612040139,0.16860357184026883,0.8081180811808132,max
sqlite,5,"['q8', 'q10', 'q2', 'q13', 'q5']",5,"[np.int64(3), np.int64(34), np.int64(37), np.int64(42), np.int64(47)]",2,0.75251,0.2170851170895266,0.7525083612040139,0.14889931289495617,0.7933579335793356,max
sqlite,5,"['q8', 'q10', 'q2', 'q13', 'q5']",1,[np.int64(37)],3,0.98357,0.6858413468860916,0.9835680751173709,0.6782606753876211,0.9681528662420382,max
sqlite,5,"['q8', 'q10', 'q2', 'q13', 'q5']",2,"[np.int64(37), np.int64(47)]",3,0.82657,0.26684520279849006,0.8265682656826578,0.3280579469436661,0.8178913738019183,max
sqlite,5,"['q8', 'q10', 'q2', 'q13', 'q5']",3,"[np.int64(23), np.int64(38), np.int64(43)]",3,0.76834,0.22234424283556298,0.768339768339768,0.21957454820342534,0.80191693290735,max
sqlite,5,"['q8', 'q10', 'q2', 'q13', 'q5']",4,"[np.int64(15), np.int64(17), np.int64(29), np.int64(38)]",3,0.76384,0.21149860651863645,0.7638376383763835,0.20423374390732243,0.7666666666666665,max
sqlite,5,"['q8', 'q10', 'q2', 'q13', 'q5']",5,"[np.int64(6), np.int64(17), np.int64(24), np.int64(25), np.int64(38)]",3,0.76384,0.19715310125694444,0.7638376383763835,0.20852663193148746,0.7284345047923322,max
sqlite,5,"['q8', 'q10', 'q2', 'q13', 'q5']",1,[np.int64(37)],4,0.98357,0.6835156809582078,0.9835680751173709,0.6852376731712723,0.9659498207885304,max
sqlite,5,"['q8', 'q10', 'q2', 'q13', 'q5']",2,"[np.int64(30), np.int64(47)]",4,0.82657,0.26691584226371806,0.8265682656826578,0.3279224103437257,0.7692307692307693,max
sqlite,5,"['q8', 'q10', 'q2', 'q13', 'q5']",3,"[np.int64(25), np.int64(38), np.int64(45)]",4,0.76689,0.2081701063302445,0.7668918918918892,0.27577613013986413,0.8069498069498059,max
sqlite,5,"['q8', 'q10', 'q2', 'q13', 'q5']",4,"[np.int64(19), np.int64(34), np.int64(37), np.int64(38)]",4,0.76384,0.19109060185761992,0.7638376383763835,0.25551146960754084,0.7837837837837835,max
sqlite,5,"['q8', 'q10', 'q2', 'q13', 'q5']",5,"[np.int64(25), np.int64(29), np.int64(37), np.int64(38), np.int64(46)]",4,0.76384,0.17763486464183245,0.7638376383763835,0.23974748728901885,0.7591973244147154,max
sqlite,6,"['q8', 'q10', 'q2', 'q13', 'q5', 'q7']",1,[np.int64(33)],1,0.99374,0.5586624789836554,0.9937397737781889,0.546853684901889,0.9937753851330241,max
sqlite,6,"['q8', 'q10', 'q2', 'q13', 'q5', 'q7']",2,"[np.int64(37), np.int64(47)]",1,0.82657,0.33074259707393167,0.8265682656826578,0.28554980367684296,0.7849829351535843,max
sqlite,6,"['q8', 'q10', 'q2', 'q13', 'q5', 'q7']",3,"[np.int64(18), np.int64(26), np.int64(29)]",1,0.7791,0.2817672245224939,0.7791044776119408,0.2576716113622365,0.7857142857142873,max
sqlite,6,"['q8', 'q10', 'q2', 'q13', 'q5', 'q7']",4,"[np.int64(17), np.int64(19), np.int64(26), np.int64(29)]",1,0.77122,0.26294255731498034,0.7712177121771207,0.23944244216159088,0.7857142857142873,max
sqlite,6,"['q8', 'q10', 'q2', 'q13', 'q5', 'q7']",5,"[np.int64(1), np.int64(8), np.int64(25), np.int64(26), np.int64(29)]",1,0.77122,0.24334576264853058,0.7712177121771207,0.22260352128860245,0.755813953488372,max
sqlite,6,"['q8', 'q10', 'q2', 'q13', 'q5', 'q7']",1,[np.int64(33)],2,0.99378,0.5592716657850344,0.9937753851330241,0.5450261244977519,0.9937397737781889,max
sqlite,6,"['q8', 'q10', 'q2', 'q13', 'q5', 'q7']",2,"[np.int64(18), np.int64(47)]",2,0.81789,0.3344975764451841,0.8178913738019183,0.26967197445908514,0.8265682656826578,max
sqlite,6,"['q8', 'q10', 'q2', 'q13', 'q5', 'q7']",3,"[np.int64(26), np.int64(45), np.int64(46)]",2,0.76589,0.26587214235663176,0.7658862876254171,0.2448913512494712,0.8214285714285708,max
sqlite,6,"['q8', 'q10', 'q2', 'q13', 'q5', 'q7']",4,"[np.int64(26), np.int64(42), np.int64(45), np.int64(47)]",2,0.75251,0.26351691489908663,0.7525083612040139,0.2157943420512028,0.8081180811808132,max
sqlite,6,"['q8', 'q10', 'q2', 'q13', 'q5', 'q7']",5,"[np.int64(0), np.int64(26), np.int64(42), np.int64(45), np.int64(47)]",2,0.75251,0.26351691489908663,0.7525083612040139,0.2157943420512028,0.8081180811808132,max
sqlite,6,"['q8', 'q10', 'q2', 'q13', 'q5', 'q7']",1,[np.int64(33)],3,0.99378,0.5734740043775518,0.9937753851330241,0.5024191087201998,0.9911341903615983,max
sqlite,6,"['q8', 'q10', 'q2', 'q13', 'q5', 'q7']",2,"[np.int64(30), np.int64(47)]",3,0.82657,0.3066772155097084,0.8265682656826578,0.3618720105296484,0.8178913738019183,max
sqlite,6,"['q8', 'q10', 'q2', 'q13', 'q5', 'q7']",3,"[np.int64(29), np.int64(31), np.int64(45)]",3,0.77258,0.2557542365581168,0.7725752508361217,0.2902941744883739,0.8338658146964868,max
sqlite,6,"['q8', 'q10', 'q2', 'q13', 'q5', 'q7']",4,"[np.int64(1), np.int64(29), np.int64(46), np.int64(47)]",3,0.77122,0.2392913918247564,0.7712177121771207,0.2602230464883124,0.8178913738019183,max
sqlite,6,"['q8', 'q10', 'q2', 'q13', 'q5', 'q7']",5,"[np.int64(6), np.int64(29), np.int64(32), np.int64(37), np.int64(47)]",3,0.77122,0.22364556758768067,0.7712177121771207,0.2622694645741322,0.8178913738019183,max
sqlite,6,"['q8', 'q10', 'q2', 'q13', 'q5', 'q7']",1,[np.int64(33)],4,0.99378,0.5314329727066136,0.9937753851330241,0.6285422037330146,0.9933164323576861,max
sqlite,6,"['q8', 'q10', 'q2', 'q13', 'q5', 'q7']",2,"[np.int64(30), np.int64(47)]",4,0.82657,0.3057213457092336,0.8265682656826578,0.364739619931073,0.7708333333333343,max
sqlite,6,"['q8', 'q10', 'q2', 'q13', 'q5', 'q7']",3,"[np.int64(18), np.int64(25), np.int64(29)]",4,0.77122,0.2542872921233545,0.7712177121771207,0.3099124830728399,0.7892976588628772,max
sqlite,6,"['q8', 'q10', 'q2', 'q13', 'q5', 'q7']",4,"[np.int64(5), np.int64(25), np.int64(29), np.int64(30)]",4,0.77122,0.22640807963811524,0.7712177121771207,0.2951454266464701,0.7792642140468232,max
sqlite,7,"['q8', 'q10', 'q2', 'q13', 'q5', 'q7', 'q1']",1,[np.int64(34)],1,0.99898,0.5880641466189644,0.9989849555918071,0.5657216589686548,1.0,max
sqlite,7,"['q8', 'q10', 'q2', 'q13', 'q5', 'q7', 'q1']",2,"[np.int64(45), np.int64(47)]",1,0.82657,0.346394669236521,0.8265682656826578,0.30364282131836695,0.7849829351535843,max
sqlite,7,"['q8', 'q10', 'q2', 'q13', 'q5', 'q7', 'q1']",3,"[np.int64(18), np.int64(26), np.int64(29)]",1,0.7791,0.2973640958628805,0.7791044776119408,0.28669130059330816,0.7857142857142873,max
sqlite,7,"['q8', 'q10', 'q2', 'q13', 'q5', 'q7', 'q1']",4,"[np.int64(18), np.int64(26), np.int64(29), np.int64(32)]",1,0.77122,0.28047041222511016,0.7712177121771207,0.26936520176347334,0.7406015037593999,max
sqlite,7,"['q8', 'q10', 'q2', 'q13', 'q5', 'q7', 'q1']",5,"[np.int64(0), np.int64(14), np.int64(26), np.int64(29), np.int64(38)]",1,0.77122,0.2701324956805377,0.7712177121771207,0.2625619117282746,0.7819548872180454,max
sqlite,7,"['q8', 'q10', 'q2', 'q13', 'q5', 'q7', 'q1']",1,[np.int64(33)],2,0.99378,0.5896447817541665,0.9937753851330241,0.5662537257012106,1.0,max
sqlite,7,"['q8', 'q10', 'q2', 'q13', 'q5', 'q7', 'q1']",2,"[np.int64(28), np.int64(47)]",2,0.81789,0.34802142814819814,0.8178913738019183,0.29106390978646246,0.8265682656826578,max
sqlite,7,"['q8', 'q10', 'q2', 'q13', 'q5', 'q7', 'q1']",3,"[np.int64(26), np.int64(45), np.int64(48)]",2,0.76589,0.30509838249715454,0.7658862876254171,0.2565650319423788,0.7933579335793356,max
sqlite,7,"['q8', 'q10', 'q2', 'q13', 'q5', 'q7', 'q1']",4,"[np.int64(25), np.int64(37), np.int64(42), np.int64(47)]",2,0.75251,0.28595873196144495,0.7525083612040139,0.2316077543102968,0.8081180811808132,max
sqlite,7,"['q8', 'q10', 'q2', 'q13', 'q5', 'q7', 'q1']",5,"[np.int64(0), np.int64(25), np.int64(37), np.int64(42), np.int64(47)]",2,0.75251,0.28595873196144495,0.7525083612040139,0.2316077543102968,0.8081180811808132,max
sqlite,7,"['q8', 'q10', 'q2', 'q13', 'q5', 'q7', 'q1']",1,[np.int64(46)],3,0.99396,0.5640627894704983,0.9939627488760437,0.5806068309878891,1.0,max
sqlite,7,"['q8', 'q10', 'q2', 'q13', 'q5', 'q7', 'q1']",2,"[np.int64(45), np.int64(47)]",3,0.82657,0.3220441362481401,0.8265682656826578,0.3766944202835097,0.8178913738019183,max
sqlite,7,"['q8', 'q10', 'q2', 'q13', 'q5', 'q7', 'q1']",3,"[np.int64(29), np.int64(31), np.int64(45)]",3,0.77258,0.28694823541135606,0.7725752508361217,0.31669269257669913,0.8542274052478114,max
sqlite,7,"['q8', 'q10', 'q2', 'q13', 'q5', 'q7', 'q1']",4,"[np.int64(29), np.int64(37), np.int64(47), np.int64(48)]",3,0.77122,0.25742455545236026,0.7712177121771207,0.30415114711890673,0.8178913738019183,max
sqlite,7,"['q8', 'q10', 'q2', 'q13', 'q5', 'q7', 'q1']",5,"[np.int64(15), np.int64(29), np.int64(31), np.int64(45), np.int64(47)]",3,0.77122,0.2583777127764491,0.7712177121771207,0.27359669424249033,0.7188498402555905,max
sqlite,7,"['q8', 'q10', 'q2', 'q13', 'q5', 'q7', 'q1']",1,[np.int64(32)],4,0.99465,0.5867886720804537,0.9946472949722807,0.6654487288183748,0.9994929707305831,max
sqlite,7,"['q8', 'q10', 'q2', 'q13', 'q5', 'q7', 'q1']",2,"[np.int64(37), np.int64(47)]",4,0.82657,0.3235573935381077,0.8265682656826578,0.3704244311659425,0.7692307692307693,max
sqlite,7,"['q8', 'q10', 'q2', 'q13', 'q5', 'q7', 'q1']",3,"[np.int64(14), np.int64(25), np.int64(29)]",4,0.77122,0.2755117564782871,0.7712177121771207,0.3320319622428688,0.7991513437057977,max
sqlite,7,"['q8', 'q10', 'q2', 'q13', 'q5', 'q7', 'q1']",4,"[np.int64(25), np.int64(29), np.int64(37), np.int64(47)]",4,0.77122,0.25733998083915177,0.7712177121771207,0.3117221913011539,0.7658862876254171,max
sqlite,8,"['q8', 'q10', 'q2', 'q13', 'q5', 'q7', 'q1', 'q3']",1,[np.int64(34)],1,0.99898,0.5943759402261769,0.9989849555918071,0.5742189299306502,1.0,max
sqlite,8,"['q8', 'q10', 'q2', 'q13', 'q5', 'q7', 'q1', 'q3']",2,"[np.int64(37), np.int64(47)]",1,0.82657,0.3475896222384811,0.8265682656826578,0.31514106608864534,0.7849829351535843,max
sqlite,8,"['q8', 'q10', 'q2', 'q13', 'q5', 'q7', 'q1', 'q3']",3,"[np.int64(18), np.int64(26), np.int64(29)]",1,0.7791,0.30115927776161416,0.7791044776119408,0.29824116241529275,0.7857142857142873,max
sqlite,8,"['q8', 'q10', 'q2', 'q13', 'q5', 'q7', 'q1', 'q3']",4,"[np.int64(7), np.int64(19), np.int64(29), np.int64(38)]",1,0.77122,0.2735441245519848,0.7712177121771207,0.26657057807716594,0.7819548872180454,max
sqlite,8,"['q8', 'q10', 'q2', 'q13', 'q5', 'q7', 'q1', 'q3']",5,"[np.int64(1), np.int64(5), np.int64(23), np.int64(29), np.int64(42)]",1,0.77122,0.26778999400119247,0.7712177121771207,0.24183114051462684,0.7255639097744375,max
sqlite,8,"['q8', 'q10', 'q2', 'q13', 'q5', 'q7', 'q1', 'q3']",1,[np.int64(6)],2,1.0,0.5866411204537546,1.0,0.5525634976508939,1.0,max
sqlite,8,"['q8', 'q10', 'q2', 'q13', 'q5', 'q7', 'q1', 'q3']",2,"[np.int64(37), np.int64(47)]",2,0.81789,0.35563267692736383,0.8178913738019183,0.2910119020219967,0.8265682656826578,max
sqlite,8,"['q8', 'q10', 'q2', 'q13', 'q5', 'q7', 'q1', 'q3']",3,"[np.int64(26), np.int64(45), np.int64(47)]",2,0.76589,0.32061265374561015,0.7658862876254171,0.25291530900844716,0.8265682656826578,max
sqlite,8,"['q8', 'q10', 'q2', 'q13', 'q5', 'q7', 'q1', 'q3']",4,"[np.int64(25), np.int64(42), np.int64(43), np.int64(47)]",2,0.75251,0.2888466570828096,0.7525083612040139,0.23345931375992754,0.8081180811808132,max
sqlite,8,"['q8', 'q10', 'q2', 'q13', 'q5', 'q7', 'q1', 'q3']",5,"[np.int64(4), np.int64(6), np.int64(8), np.int64(42), np.int64(45)]",2,0.75251,0.2665720249689541,0.7525083612040139,0.19972621997031653,0.7822878228782281,max
sqlite,8,"['q8', 'q10', 'q2', 'q13', 'q5', 'q7', 'q1', 'q3']",1,[np.int64(46)],3,0.99396,0.5723143979012346,0.9939627488760437,0.5922114704570473,1.0,max
sqlite,8,"['q8', 'q10', 'q2', 'q13', 'q5', 'q7', 'q1', 'q3']",2,"[np.int64(45), np.int64(47)]",3,0.82657,0.3273981243791375,0.8265682656826578,0.3774401767313332,0.8178913738019183,max
sqlite,8,"['q8', 'q10', 'q2', 'q13', 'q5', 'q7', 'q1', 'q3']",3,"[np.int64(29), np.int64(31), np.int64(43)]",3,0.77258,0.29524495970913045,0.7725752508361217,0.32728556781005863,0.8542274052478114,max
sqlite,8,"['q8', 'q10', 'q2', 'q13', 'q5', 'q7', 'q1', 'q3']",4,"[np.int64(1), np.int64(29), np.int64(33), np.int64(42)]",3,0.77122,0.269468048769554,0.7712177121771207,0.27213406579434124,0.7272727272727274,max
sqlite,8,"['q8', 'q10', 'q2', 'q13', 'q5', 'q7', 'q1', 'q3']",5,"[np.int64(8), np.int64(28), np.int64(29), np.int64(47), np.int64(48)]",3,0.77122,0.2454936433444582,0.7712177121771207,0.2761250985536703,0.7667731629392985,max
sqlite,8,"['q8', 'q10', 'q2', 'q13', 'q5', 'q7', 'q1', 'q3']",1,[np.int64(33)],4,1.0,0.5640066585043547,1.0,0.6481110773380254,0.9933164323576861,max
sqlite,8,"['q8', 'q10', 'q2', 'q13', 'q5', 'q7', 'q1', 'q3']",2,"[np.int64(43), np.int64(47)]",4,0.82657,0.3281425291134974,0.8265682656826578,0.37522362000911963,0.7708333333333343,max
sqlite,8,"['q8', 'q10', 'q2', 'q13', 'q5', 'q7', 'q1', 'q3']",3,"[np.int64(1), np.int64(25), np.int64(29)]",4,0.77122,0.2776124496798848,0.7712177121771207,0.33176659534733405,0.7991513437057977,max
sqlite,8,"['q8', 'q10', 'q2', 'q13', 'q5', 'q7', 'q1', 'q3']",4,"[np.int64(1), np.int64(25), np.int64(29), np.int64(38)]",4,0.77122,0.250020319084599,0.7712177121771207,0.3169665171859778,0.7591973244147154,max
sqlite,9,"['q8', 'q10', 'q2', 'q13', 'q5', 'q7', 'q1', 'q3', 'q9']",1,[np.int64(34)],1,0.99898,0.5956479059806772,0.9989849555918071,0.5744504943832287,1.0,max
sqlite,9,"['q8', 'q10', 'q2', 'q13', 'q5', 'q7', 'q1', 'q3', 'q9']",2,"[np.int64(45), np.int64(47)]",1,0.82657,0.3483462367496086,0.8265682656826578,0.3243833693718117,0.7849829351535843,max
sqlite,9,"['q8', 'q10', 'q2', 'q13', 'q5', 'q7', 'q1', 'q3', 'q9']",3,"[np.int64(18), np.int64(26), np.int64(29)]",1,0.7791,0.30462787516495415,0.7791044776119408,0.2984746587944573,0.7857142857142873,max
sqlite,9,"['q8', 'q10', 'q2', 'q13', 'q5', 'q7', 'q1', 'q3', 'q9']",4,"[np.int64(21), np.int64(25), np.int64(29), np.int64(30)]",1,0.77122,0.2905344448020161,0.7712177121771207,0.25851737977666167,0.755813953488372,max
sqlite,9,"['q8', 'q10', 'q2', 'q13', 'q5', 'q7', 'q1', 'q3', 'q9']",5,"[np.int64(1), np.int64(8), np.int64(29), np.int64(42), np.int64(46)]",1,0.77122,0.26062584569851777,0.7712177121771207,0.23940978875486765,0.7235494880546088,max
sqlite,9,"['q8', 'q10', 'q2', 'q13', 'q5', 'q7', 'q1', 'q3', 'q9']",1,[np.int64(29)],2,1.0,0.6010379072526649,1.0,0.5738801935384665,1.0,max
sqlite,9,"['q8', 'q10', 'q2', 'q13', 'q5', 'q7', 'q1', 'q3', 'q9']",2,"[np.int64(37), np.int64(47)]",2,0.81789,0.35889470571100357,0.8178913738019183,0.291014122780618,0.8265682656826578,max
sqlite,9,"['q8', 'q10', 'q2', 'q13', 'q5', 'q7', 'q1', 'q3', 'q9']",3,"[np.int64(26), np.int64(37), np.int64(46)]",2,0.76589,0.3102668457463846,0.7658862876254171,0.26350320963147117,0.8214285714285708,max
sqlite,9,"['q8', 'q10', 'q2', 'q13', 'q5', 'q7', 'q1', 'q3', 'q9']",4,"[np.int64(14), np.int64(34), np.int64(42), np.int64(47)]",2,0.75251,0.30438083842742314,0.7525083612040139,0.22932536504655085,0.7933579335793356,max
sqlite,9,"['q8', 'q10', 'q2', 'q13', 'q5', 'q7', 'q1', 'q3', 'q9']",5,"[np.int64(0), np.int64(14), np.int64(34), np.int64(42), np.int64(47)]",2,0.75251,0.30438083842742314,0.7525083612040139,0.22932536504655085,0.7933579335793356,max
sqlite,9,"['q8', 'q10', 'q2', 'q13', 'q5', 'q7', 'q1', 'q3', 'q9']",1,[np.int64(46)],3,1.0,0.574180599853627,1.0,0.6031046566075657,1.0,max
sqlite,9,"['q8', 'q10', 'q2', 'q13', 'q5', 'q7', 'q1', 'q3', 'q9']",2,"[np.int64(18), np.int64(47)]",3,0.82657,0.32809616079366244,0.8265682656826578,0.37588966043304983,0.8178913738019183,max
sqlite,9,"['q8', 'q10', 'q2', 'q13', 'q5', 'q7', 'q1', 'q3', 'q9']",3,"[np.int64(29), np.int64(31), np.int64(37)]",3,0.77258,0.29663063923984323,0.7725752508361217,0.32845985573542474,0.8542274052478114,max
sqlite,9,"['q8', 'q10', 'q2', 'q13', 'q5', 'q7', 'q1', 'q3', 'q9']",4,"[np.int64(1), np.int64(4), np.int64(29), np.int64(47)]",3,0.77122,0.2580708073777692,0.7712177121771207,0.28964718304969045,0.7939393939393948,max
sqlite,9,"['q8', 'q10', 'q2', 'q13', 'q5', 'q7', 'q1', 'q3', 'q9']",5,"[np.int64(1), np.int64(3), np.int64(29), np.int64(34), np.int64(47)]",3,0.77122,0.2560363861914832,0.7712177121771207,0.29816029179569914,0.7412140575079885,max
sqlite,9,"['q8', 'q10', 'q2', 'q13', 'q5', 'q7', 'q1', 'q3', 'q9']",1,[np.int64(4)],4,1.0,0.5642313513964295,1.0,0.6219911315592317,0.9980749227640384,max
sqlite,9,"['q8', 'q10', 'q2', 'q13', 'q5', 'q7', 'q1', 'q3', 'q9']",2,"[np.int64(43), np.int64(47)]",4,0.82657,0.3310795663840173,0.8265682656826578,0.37620216585306926,0.7708333333333343,max
sqlite,9,"['q8', 'q10', 'q2', 'q13', 'q5', 'q7', 'q1', 'q3', 'q9']",3,"[np.int64(1), np.int64(25), np.int64(29)]",4,0.77122,0.2818993621595644,0.7712177121771207,0.3346585949584938,0.7991513437057977,max
sqlite,9,"['q8', 'q10', 'q2', 'q13', 'q5', 'q7', 'q1', 'q3', 'q9']",4,"[np.int64(4), np.int64(19), np.int64(29), np.int64(30)]",4,0.77122,0.2523228640008253,0.7712177121771207,0.3126766305555546,0.7991513437057977,max
sqlite,10,"['q8', 'q10', 'q2', 'q13', 'q5', 'q7', 'q1', 'q3', 'q9', 'q14']",1,[np.int64(34)],1,0.99898,0.5958907646198406,0.9989849555918071,0.5744504943832287,1.0,max
sqlite,10,"['q8', 'q10', 'q2', 'q13', 'q5', 'q7', 'q1', 'q3', 'q9', 'q14']",2,"[np.int64(1), np.int64(47)]",1,0.82657,0.3481984182542112,0.8265682656826578,0.323939573319841,0.7849829351535843,max
sqlite,10,"['q8', 'q10', 'q2', 'q13', 'q5', 'q7', 'q1', 'q3', 'q9', 'q14']",3,"[np.int64(18), np.int64(26), np.int64(29)]",1,0.78049,0.3056817745928373,0.7804878048780489,0.30074706022814907,0.7857142857142873,max
sqlite,10,"['q8', 'q10', 'q2', 'q13', 'q5', 'q7', 'q1', 'q3', 'q9', 'q14']",4,"[np.int64(18), np.int64(24), np.int64(26), np.int64(29)]",1,0.77122,0.28781406634267054,0.7712177121771207,0.2738723704520875,0.7857142857142873,max
sqlite,10,"['q8', 'q10', 'q2', 'q13', 'q5', 'q7', 'q1', 'q3', 'q9', 'q14']",5,"[np.int64(1), np.int64(6), np.int64(8), np.int64(29), np.int64(42)]",1,0.77122,0.26081569764947954,0.7712177121771207,0.24844647727362082,0.7857142857142873,max
sqlite,10,"['q8', 'q10', 'q2', 'q13', 'q5', 'q7', 'q1', 'q3', 'q9', 'q14']",1,[np.int64(25)],2,1.0,0.5910524305211715,1.0,0.5780586759601866,1.0,max
sqlite,10,"['q8', 'q10', 'q2', 'q13', 'q5', 'q7', 'q1', 'q3', 'q9', 'q14']",2,"[np.int64(18), np.int64(47)]",2,0.81789,0.35697412524868916,0.8178913738019183,0.29106957322960203,0.8265682656826578,max
sqlite,10,"['q8', 'q10', 'q2', 'q13', 'q5', 'q7', 'q1', 'q3', 'q9', 'q14']",3,"[np.int64(26), np.int64(45), np.int64(48)]",2,0.76589,0.31787931835916344,0.7658862876254171,0.26672903465125675,0.7933579335793356,max
sqlite,10,"['q8', 'q10', 'q2', 'q13', 'q5', 'q7', 'q1', 'q3', 'q9', 'q14']",4,"[np.int64(1), np.int64(34), np.int64(42), np.int64(47)]",2,0.75251,0.3055322971843477,0.7525083612040139,0.22874240902503715,0.7933579335793356,max
sqlite,10,"['q8', 'q10', 'q2', 'q13', 'q5', 'q7', 'q1', 'q3', 'q9', 'q14']",5,"[np.int64(1), np.int64(34), np.int64(42), np.int64(46), np.int64(47)]",2,0.75251,0.28458505947803253,0.7525083612040139,0.22137436926513027,0.7933579335793356,max
sqlite,10,"['q8', 'q10', 'q2', 'q13', 'q5', 'q7', 'q1', 'q3', 'q9', 'q14']",1,[np.int64(47)],3,1.0,0.5780595113077226,1.0,0.6253736682418292,1.0,max
sqlite,10,"['q8', 'q10', 'q2', 'q13', 'q5', 'q7', 'q1', 'q3', 'q9', 'q14']",2,"[np.int64(37), np.int64(47)]",3,0.82657,0.330167310369931,0.8265682656826578,0.37770061490264806,0.8178913738019183,max
sqlite,10,"['q8', 'q10', 'q2', 'q13', 'q5', 'q7', 'q1', 'q3', 'q9', 'q14']",3,"[np.int64(29), np.int64(31), np.int64(37)]",3,0.77258,0.29739284814524775,0.7725752508361217,0.32997865515473296,0.8542274052478114,max
sqlite,10,"['q8', 'q10', 'q2', 'q13', 'q5', 'q7', 'q1', 'q3', 'q9', 'q14']",4,"[np.int64(1), np.int64(6), np.int64(29), np.int64(47)]",3,0.77122,0.2628711282690315,0.7712177121771207,0.30972302218288106,0.8178913738019183,max
sqlite,10,"['q8', 'q10', 'q2', 'q13', 'q5', 'q7', 'q1', 'q3', 'q9', 'q14']",5,"[np.int64(6), np.int64(10), np.int64(29), np.int64(32), np.int64(38)]",3,0.77122,0.2612260888866871,0.7712177121771207,0.2880346923138009,0.8210862619808303,max
sqlite,10,"['q8', 'q10', 'q2', 'q13', 'q5', 'q7', 'q1', 'q3', 'q9', 'q14']",1,[np.int64(6)],4,1.0,0.5721793672959086,1.0,0.6056350421452145,1.0,max
sqlite,10,"['q8', 'q10', 'q2', 'q13', 'q5', 'q7', 'q1', 'q3', 'q9', 'q14']",2,"[np.int64(45), np.int64(47)]",4,0.82657,0.33120160990421577,0.8265682656826578,0.3763189658424423,0.7708333333333343,max
sqlite,10,"['q8', 'q10', 'q2', 'q13', 'q5', 'q7', 'q1', 'q3', 'q9', 'q14']",3,"[np.int64(1), np.int64(25), np.int64(29)]",4,0.77122,0.2838223212140764,0.7712177121771207,0.33465989899317006,0.7991513437057977,max
sqlite,10,"['q8', 'q10', 'q2', 'q13', 'q5', 'q7', 'q1', 'q3', 'q9', 'q14']",4,"[np.int64(29), np.int64(30), np.int64(33), np.int64(42)]",4,0.77122,0.260095324916439,0.7712177121771207,0.3391763875357745,0.7708333333333343,max
sqlite,11,"['q8', 'q10', 'q2', 'q13', 'q5', 'q7', 'q1', 'q3', 'q9', 'q14', 'q6']",1,[np.int64(25)],1,1.0,0.6030941579068069,1.0,0.5427771386700018,0.996480026195154,max
sqlite,11,"['q8', 'q10', 'q2', 'q13', 'q5', 'q7', 'q1', 'q3', 'q9', 'q14', 'q6']",2,"[np.int64(30), np.int64(47)]",1,0.82657,0.3489421071901822,0.8265682656826578,0.3240807082555268,0.7849829351535843,max
sqlite,11,"['q8', 'q10', 'q2', 'q13', 'q5', 'q7', 'q1', 'q3', 'q9', 'q14', 'q6']",3,"[np.int64(18), np.int64(26), np.int64(29)]",1,0.78049,0.30852125148963583,0.7804878048780489,0.30164233703806,0.7857142857142873,max
sqlite,11,"['q8', 'q10', 'q2', 'q13', 'q5', 'q7', 'q1', 'q3', 'q9', 'q14', 'q6']",4,"[np.int64(18), np.int64(26), np.int64(29), np.int64(48)]",1,0.77122,0.28960781254517937,0.7712177121771207,0.2778990181670685,0.7412587412587422,max
sqlite,11,"['q8', 'q10', 'q2', 'q13', 'q5', 'q7', 'q1', 'q3', 'q9', 'q14', 'q6']",5,"[np.int64(4), np.int64(6), np.int64(17), np.int64(29), np.int64(47)]",1,0.77122,0.25900010828018905,0.7712177121771207,0.24518499590512594,0.7235494880546088,max
sqlite,11,"['q8', 'q10', 'q2', 'q13', 'q5', 'q7', 'q1', 'q3', 'q9', 'q14', 'q6']",1,[np.int64(25)],2,1.0,0.5912414496500608,1.0,0.5783352634402399,1.0,max
sqlite,11,"['q8', 'q10', 'q2', 'q13', 'q5', 'q7', 'q1', 'q3', 'q9', 'q14', 'q6']",2,"[np.int64(43), np.int64(47)]",2,0.81789,0.36021326624138184,0.8178913738019183,0.29148938695367715,0.8265682656826578,max
sqlite,11,"['q8', 'q10', 'q2', 'q13', 'q5', 'q7', 'q1', 'q3', 'q9', 'q14', 'q6']",3,"[np.int64(26), np.int64(43), np.int64(47)]",2,0.76589,0.32516132043162776,0.7658862876254171,0.2565442046271323,0.8265682656826578,max
sqlite,11,"['q8', 'q10', 'q2', 'q13', 'q5', 'q7', 'q1', 'q3', 'q9', 'q14', 'q6']",4,"[np.int64(1), np.int64(25), np.int64(42), np.int64(47)]",2,0.75251,0.2995248940859788,0.7525083612040139,0.23785177725571774,0.8081180811808132,max
sqlite,11,"['q8', 'q10', 'q2', 'q13', 'q5', 'q7', 'q1', 'q3', 'q9', 'q14', 'q6']",5,"[np.int64(8), np.int64(34), np.int64(37), np.int64(42), np.int64(47)]",2,0.75251,0.2864003516973506,0.7525083612040139,0.21913452848361903,0.7933579335793356,max
sqlite,11,"['q8', 'q10', 'q2', 'q13', 'q5', 'q7', 'q1', 'q3', 'q9', 'q14', 'q6']",1,[np.int64(4)],3,1.0,0.5779864658558198,1.0,0.5886026227555334,1.0,max
sqlite,11,"['q8', 'q10', 'q2', 'q13', 'q5', 'q7', 'q1', 'q3', 'q9', 'q14', 'q6']",2,"[np.int64(28), np.int64(47)]",3,0.82657,0.32857205185946803,0.8265682656826578,0.3786756775916521,0.8178913738019183,max
sqlite,11,"['q8', 'q10', 'q2', 'q13', 'q5', 'q7', 'q1', 'q3', 'q9', 'q14', 'q6']",3,"[np.int64(29), np.int64(31), np.int64(45)]",3,0.77258,0.2985609293999958,0.7725752508361217,0.33306893576687324,0.8542274052478114,max
sqlite,11,"['q8', 'q10', 'q2', 'q13', 'q5', 'q7', 'q1', 'q3', 'q9', 'q14', 'q6']",4,"[np.int64(4), np.int64(29), np.int64(37), np.int64(47)]",3,0.77122,0.25967900706772823,0.7712177121771207,0.297160584112341,0.7939393939393948,max
sqlite,11,"['q8', 'q10', 'q2', 'q13', 'q5', 'q7', 'q1', 'q3', 'q9', 'q14', 'q6']",5,"[np.int64(1), np.int64(15), np.int64(29), np.int64(42), np.int64(47)]",3,0.77122,0.26441214983912603,0.7712177121771207,0.30909052030851836,0.7272727272727274,max
sqlite,11,"['q8', 'q10', 'q2', 'q13', 'q5', 'q7', 'q1', 'q3', 'q9', 'q14', 'q6']",1,[np.int64(25)],4,1.0,0.5728721476590773,1.0,0.6334431694131899,1.0,max
sqlite,11,"['q8', 'q10', 'q2', 'q13', 'q5', 'q7', 'q1', 'q3', 'q9', 'q14', 'q6']",2,"[np.int64(10), np.int64(47)]",4,0.82657,0.3315885163072967,0.8265682656826578,0.3774986110270157,0.7708333333333343,max
sqlite,11,"['q8', 'q10', 'q2', 'q13', 'q5', 'q7', 'q1', 'q3', 'q9', 'q14', 'q6']",3,"[np.int64(1), np.int64(25), np.int64(29)]",4,0.77122,0.28620527197518136,0.7712177121771207,0.3346685016824323,0.7991513437057977,max
sqlite,11,"['q8', 'q10', 'q2', 'q13', 'q5', 'q7', 'q1', 'q3', 'q9', 'q14', 'q6']",4,"[np.int64(6), np.int64(29), np.int64(33), np.int64(37)]",4,0.77122,0.26227619334200375,0.7712177121771207,0.3212579426754719,0.7991513437057977,max
sqlite,12,"['q8', 'q10', 'q2', 'q13', 'q5', 'q7', 'q1', 'q3', 'q9', 'q14', 'q6', 'q12']",1,[np.int64(46)],1,1.0,0.6003408443968922,1.0,0.551605603315521,1.0,max
sqlite,12,"['q8', 'q10', 'q2', 'q13', 'q5', 'q7', 'q1', 'q3', 'q9', 'q14', 'q6', 'q12']",2,"[np.int64(30), np.int64(47)]",1,0.82657,0.34976277299428415,0.8265682656826578,0.32504569120605364,0.7849829351535843,max
sqlite,12,"['q8', 'q10', 'q2', 'q13', 'q5', 'q7', 'q1', 'q3', 'q9', 'q14', 'q6', 'q12']",3,"[np.int64(18), np.int64(26), np.int64(29)]",1,0.78049,0.30852237448094244,0.7804878048780489,0.3057204619247513,0.7857142857142873,max
sqlite,12,"['q8', 'q10', 'q2', 'q13', 'q5', 'q7', 'q1', 'q3', 'q9', 'q14', 'q6', 'q12']",4,"[np.int64(18), np.int64(26), np.int64(29), np.int64(48)]",1,0.77122,0.2899650608926113,0.7712177121771207,0.2819771430537598,0.7412587412587422,max
sqlite,12,"['q8', 'q10', 'q2', 'q13', 'q5', 'q7', 'q1', 'q3', 'q9', 'q14', 'q6', 'q12']",5,"[np.int64(7), np.int64(15), np.int64(29), np.int64(32), np.int64(38)]",1,0.77122,0.27591414274187515,0.7712177121771207,0.2722317003662524,0.7406015037593999,max
sqlite,12,"['q8', 'q10', 'q2', 'q13', 'q5', 'q7', 'q1', 'q3', 'q9', 'q14', 'q6', 'q12']",1,[np.int64(46)],2,1.0,0.5940410474514558,1.0,0.5705049941518303,1.0,max
sqlite,12,"['q8', 'q10', 'q2', 'q13', 'q5', 'q7', 'q1', 'q3', 'q9', 'q14', 'q6', 'q12']",2,"[np.int64(45), np.int64(47)]",2,0.81789,0.36122953650291667,0.8178913738019183,0.2918316233330888,0.8265682656826578,max
sqlite,12,"['q8', 'q10', 'q2', 'q13', 'q5', 'q7', 'q1', 'q3', 'q9', 'q14', 'q6', 'q12']",3,"[np.int64(26), np.int64(45), np.int64(48)]",2,0.76589,0.3193837317130446,0.7658862876254171,0.2683218697615544,0.7933579335793356,max
sqlite,12,"['q8', 'q10', 'q2', 'q13', 'q5', 'q7', 'q1', 'q3', 'q9', 'q14', 'q6', 'q12']",4,"[np.int64(14), np.int64(34), np.int64(42), np.int64(47)]",2,0.75251,0.3090328065669008,0.7525083612040139,0.2310751076273647,0.7933579335793356,max
sqlite,12,"['q8', 'q10', 'q2', 'q13', 'q5', 'q7', 'q1', 'q3', 'q9', 'q14', 'q6', 'q12']",5,"[np.int64(0), np.int64(14), np.int64(34), np.int64(42), np.int64(47)]",2,0.75251,0.3090328065669008,0.7525083612040139,0.2310751076273647,0.7933579335793356,max
sqlite,12,"['q8', 'q10', 'q2', 'q13', 'q5', 'q7', 'q1', 'q3', 'q9', 'q14', 'q6', 'q12']",1,[np.int64(6)],3,1.0,0.5776418637008965,1.0,0.5986868857660395,1.0,max
sqlite,12,"['q8', 'q10', 'q2', 'q13', 'q5', 'q7', 'q1', 'q3', 'q9', 'q14', 'q6', 'q12']",2,"[np.int64(1), np.int64(47)]",3,0.82657,0.3318060506681133,0.8265682656826578,0.37875268853356225,0.8178913738019183,max
sqlite,12,"['q8', 'q10', 'q2', 'q13', 'q5', 'q7', 'q1', 'q3', 'q9', 'q14', 'q6', 'q12']",3,"[np.int64(29), np.int64(31), np.int64(45)]",3,0.77258,0.29991770244508964,0.7725752508361217,0.33306893576687324,0.8542274052478114,max
sqlite,12,"['q8', 'q10', 'q2', 'q13', 'q5', 'q7', 'q1', 'q3', 'q9', 'q14', 'q6', 'q12']",4,"[np.int64(29), np.int64(30), np.int64(42), np.int64(47)]",3,0.77122,0.27311274060826324,0.7712177121771207,0.32496109187742045,0.7955271565495204,max
sqlite,12,"['q8', 'q10', 'q2', 'q13', 'q5', 'q7', 'q1', 'q3', 'q9', 'q14', 'q6', 'q12']",5,"[np.int64(3), np.int64(29), np.int64(43), np.int64(47), np.int64(48)]",3,0.77122,0.25988233635984526,0.7712177121771207,0.30419429985631835,0.8178913738019183,max
sqlite,12,"['q8', 'q10', 'q2', 'q13', 'q5', 'q7', 'q1', 'q3', 'q9', 'q14', 'q6', 'q12']",1,[np.int64(32)],4,1.0,0.5931935091374592,1.0,0.6666137865046837,1.0,max
sqlite,12,"['q8', 'q10', 'q2', 'q13', 'q5', 'q7', 'q1', 'q3', 'q9', 'q14', 'q6', 'q12']",2,"[np.int64(45), np.int64(47)]",4,0.82657,0.3320824495615235,0.8265682656826578,0.3792728841572682,0.7708333333333343,max
sqlite,12,"['q8', 'q10', 'q2', 'q13', 'q5', 'q7', 'q1', 'q3', 'q9', 'q14', 'q6', 'q12']",3,"[np.int64(25), np.int64(29), np.int64(37)]",4,0.77122,0.28863500071033926,0.7712177121771207,0.3349764443443189,0.7991513437057977,max
sqlite,12,"['q8', 'q10', 'q2', 'q13', 'q5', 'q7', 'q1', 'q3', 'q9', 'q14', 'q6', 'q12']",4,"[np.int64(29), np.int64(33), np.int64(37), np.int64(47)]",4,0.77122,0.2622925352328116,0.7712177121771207,0.33519045766520245,0.7658862876254171,max
sqlite,13,"['q8', 'q10', 'q2', 'q13', 'q5', 'q7', 'q1', 'q3', 'q9', 'q14', 'q6', 'q12', 'q4']",1,[np.int64(6)],1,1.0,0.5891414534841167,1.0,0.5694114019028221,1.0,max
sqlite,13,"['q8', 'q10', 'q2', 'q13', 'q5', 'q7', 'q1', 'q3', 'q9', 'q14', 'q6', 'q12', 'q4']",2,"[np.int64(37), np.int64(47)]",1,0.82657,0.3496315417030342,0.8265682656826578,0.32729391631334603,0.7849829351535843,max
sqlite,13,"['q8', 'q10', 'q2', 'q13', 'q5', 'q7', 'q1', 'q3', 'q9', 'q14', 'q6', 'q12', 'q4']",3,"[np.int64(18), np.int64(26), np.int64(29)]",1,0.78049,0.31045737075334,0.7804878048780489,0.3057211341120524,0.7857142857142873,max
sqlite,13,"['q8', 'q10', 'q2', 'q13', 'q5', 'q7', 'q1', 'q3', 'q9', 'q14', 'q6', 'q12', 'q4']",4,"[np.int64(1), np.int64(15), np.int64(21), np.int64(29)]",1,0.77122,0.29643658221626346,0.7712177121771207,0.2853599301368177,0.7631578947368428,max
sqlite,13,"['q8', 'q10', 'q2', 'q13', 'q5', 'q7', 'q1', 'q3', 'q9', 'q14', 'q6', 'q12', 'q4']",5,"[np.int64(4), np.int64(17), np.int64(29), np.int64(38), np.int64(46)]",1,0.77122,0.26744202670205935,0.7712177121771207,0.2575938054030431,0.7235494880546088,max
sqlite,13,"['q8', 'q10', 'q2', 'q13', 'q5', 'q7', 'q1', 'q3', 'q9', 'q14', 'q6', 'q12', 'q4']",1,[np.int64(46)],2,1.0,0.5943520624668177,1.0,0.5706370050268823,1.0,max
sqlite,13,"['q8', 'q10', 'q2', 'q13', 'q5', 'q7', 'q1', 'q3', 'q9', 'q14', 'q6', 'q12', 'q4']",2,"[np.int64(45), np.int64(47)]",2,0.81789,0.36201739686670037,0.8178913738019183,0.2918316233330888,0.8265682656826578,max
sqlite,13,"['q8', 'q10', 'q2', 'q13', 'q5', 'q7', 'q1', 'q3', 'q9', 'q14', 'q6', 'q12', 'q4']",3,"[np.int64(26), np.int64(45), np.int64(46)]",2,0.76589,0.31857330292437186,0.7658862876254171,0.26486896486417266,0.8214285714285708,max
sqlite,13,"['q8', 'q10', 'q2', 'q13', 'q5', 'q7', 'q1', 'q3', 'q9', 'q14', 'q6', 'q12', 'q4']",4,"[np.int64(1), np.int64(34), np.int64(42), np.int64(47)]",2,0.75251,0.30951357773376925,0.7525083612040139,0.23049339716689637,0.7933579335793356,max
sqlite,13,"['q8', 'q10', 'q2', 'q13', 'q5', 'q7', 'q1', 'q3', 'q9', 'q14', 'q6', 'q12', 'q4']",5,"[np.int64(4), np.int64(17), np.int64(19), np.int64(29), np.int64(42)]",2,0.75251,0.28329493783260123,0.7525083612040139,0.22641709020858924,0.7712177121771207,max
sqlite,13,"['q8', 'q10', 'q2', 'q13', 'q5', 'q7', 'q1', 'q3', 'q9', 'q14', 'q6', 'q12', 'q4']",1,[np.int64(47)],3,1.0,0.5806958884790998,1.0,0.6270112899324332,1.0,max
sqlite,13,"['q8', 'q10', 'q2', 'q13', 'q5', 'q7', 'q1', 'q3', 'q9', 'q14', 'q6', 'q12', 'q4']",2,"[np.int64(45), np.int64(47)]",3,0.82657,0.33293976657395596,0.8265682656826578,0.3790645142113221,0.8178913738019183,max
sqlite,13,"['q8', 'q10', 'q2', 'q13', 'q5', 'q7', 'q1', 'q3', 'q9', 'q14', 'q6', 'q12', 'q4']",3,"[np.int64(29), np.int64(31), np.int64(45)]",3,0.77258,0.3022613664019617,0.7725752508361217,0.33306893576687324,0.8542274052478114,max
sqlite,13,"['q8', 'q10', 'q2', 'q13', 'q5', 'q7', 'q1', 'q3', 'q9', 'q14', 'q6', 'q12', 'q4']",4,"[np.int64(27), np.int64(29), np.int64(38), np.int64(48)]",3,0.77122,0.27389209724041436,0.7712177121771207,0.3102642518214831,0.8498402555910551,max
sqlite,13,"['q8', 'q10', 'q2', 'q13', 'q5', 'q7', 'q1', 'q3', 'q9', 'q14', 'q6', 'q12', 'q4']",5,"[np.int64(7), np.int64(8), np.int64(29), np.int64(37), np.int64(47)]",3,0.77122,0.2709365876556593,0.7712177121771207,0.3039556752792995,0.7939393939393948,max
sqlite,13,"['q8', 'q10', 'q2', 'q13', 'q5', 'q7', 'q1', 'q3', 'q9', 'q14', 'q6', 'q12', 'q4']",1,[np.int64(6)],4,1.0,0.5768697177931394,1.0,0.6062266089757543,1.0,max
sqlite,13,"['q8', 'q10', 'q2', 'q13', 'q5', 'q7', 'q1', 'q3', 'q9', 'q14', 'q6', 'q12', 'q4']",2,"[np.int64(45), np.int64(47)]",4,0.82657,0.33287030992530725,0.8265682656826578,0.3792728841572682,0.7708333333333343,max
sqlite,13,"['q8', 'q10', 'q2', 'q13', 'q5', 'q7', 'q1', 'q3', 'q9', 'q14', 'q6', 'q12', 'q4']",3,"[np.int64(25), np.int64(29), np.int64(37)]",4,0.77122,0.2886397905015531,0.7712177121771207,0.3380531551343339,0.7991513437057977,max
sqlite,13,"['q8', 'q10', 'q2', 'q13', 'q5', 'q7', 'q1', 'q3', 'q9', 'q14', 'q6', 'q12', 'q4']",4,"[np.int64(1), np.int64(21), np.int64(25), np.int64(29)]",4,0.77122,0.2763528178383277,0.7712177121771207,0.32570182745214055,0.7591973244147154,max
sqlite,14,"['q8', 'q10', 'q2', 'q13', 'q5', 'q7', 'q1', 'q3', 'q9', 'q14', 'q6', 'q12', 'q4', 'q15']",1,[np.int64(48)],1,1.0,0.6430095422485146,1.0,0.6437762272974241,1.0,max
sqlite,14,"['q8', 'q10', 'q2', 'q13', 'q5', 'q7', 'q1', 'q3', 'q9', 'q14', 'q6', 'q12', 'q4', 'q15']",2,"[np.int64(34), np.int64(45)]",1,0.88176,0.3757384498855807,0.8817567567567564,0.39055334183773377,1.0,max
sqlite,14,"['q8', 'q10', 'q2', 'q13', 'q5', 'q7', 'q1', 'q3', 'q9', 'q14', 'q6', 'q12', 'q4', 'q15']",3,"[np.int64(18), np.int64(26), np.int64(29)]",1,0.78049,0.3374402501825682,0.7804878048780489,0.35231286124086747,0.7857142857142873,max
sqlite,14,"['q8', 'q10', 'q2', 'q13', 'q5', 'q7', 'q1', 'q3', 'q9', 'q14', 'q6', 'q12', 'q4', 'q15']",4,"[np.int64(18), np.int64(26), np.int64(29), np.int64(48)]",1,0.77122,0.3179669067656907,0.7712177121771207,0.3310303170248096,0.7412587412587422,max
sqlite,14,"['q8', 'q10', 'q2', 'q13', 'q5', 'q7', 'q1', 'q3', 'q9', 'q14', 'q6', 'q12', 'q4', 'q15']",5,"[np.int64(8), np.int64(19), np.int64(27), np.int64(29), np.int64(38)]",1,0.77122,0.29877855287127336,0.7712177121771207,0.31725784261052165,0.7819548872180454,max
sqlite,14,"['q8', 'q10', 'q2', 'q13', 'q5', 'q7', 'q1', 'q3', 'q9', 'q14', 'q6', 'q12', 'q4', 'q15']",1,[np.int64(38)],2,1.0,0.646284376512923,1.0,0.6219709488872919,1.0,max
sqlite,14,"['q8', 'q10', 'q2', 'q13', 'q5', 'q7', 'q1', 'q3', 'q9', 'q14', 'q6', 'q12', 'q4', 'q15']",2,"[np.int64(6), np.int64(28)]",2,0.91374,0.3947196594986646,0.9137380191693286,0.36001496251193094,0.8805970149253731,max
sqlite,14,"['q8', 'q10', 'q2', 'q13', 'q5', 'q7', 'q1', 'q3', 'q9', 'q14', 'q6', 'q12', 'q4', 'q15']",3,"[np.int64(26), np.int64(45), np.int64(48)]",2,0.76589,0.3530308419409756,0.7658862876254171,0.32085187776439167,0.7933579335793356,max
sqlite,14,"['q8', 'q10', 'q2', 'q13', 'q5', 'q7', 'q1', 'q3', 'q9', 'q14', 'q6', 'q12', 'q4', 'q15']",4,"[np.int64(1), np.int64(34), np.int64(42), np.int64(47)]",2,0.75251,0.34178340321539785,0.7525083612040139,0.28055460291621637,0.7933579335793356,max
sqlite,14,"['q8', 'q10', 'q2', 'q13', 'q5', 'q7', 'q1', 'q3', 'q9', 'q14', 'q6', 'q12', 'q4', 'q15']",5,"[np.int64(0), np.int64(1), np.int64(34), np.int64(42), np.int64(47)]",2,0.75251,0.34178340321539785,0.7525083612040139,0.28055460291621637,0.7933579335793356,max
sqlite,14,"['q8', 'q10', 'q2', 'q13', 'q5', 'q7', 'q1', 'q3', 'q9', 'q14', 'q6', 'q12', 'q4', 'q15']",1,[np.int64(28)],3,1.0,0.7241885420941069,1.0,0.7197849660122161,1.0,max
sqlite,14,"['q8', 'q10', 'q2', 'q13', 'q5', 'q7', 'q1', 'q3', 'q9', 'q14', 'q6', 'q12', 'q4', 'q15']",2,"[np.int64(6), np.int64(30)]",3,0.89318,0.38701462480762927,0.8931750741839749,0.38727954137301546,0.9292035398230087,max
sqlite,14,"['q8', 'q10', 'q2', 'q13', 'q5', 'q7', 'q1', 'q3', 'q9', 'q14', 'q6', 'q12', 'q4', 'q15']",3,"[np.int64(29), np.int64(31), np.int64(45)]",3,0.77258,0.34144630219850075,0.7725752508361217,0.3671596250110454,0.8542274052478114,max
sqlite,14,"['q8', 'q10', 'q2', 'q13', 'q5', 'q7', 'q1', 'q3', 'q9', 'q14', 'q6', 'q12', 'q4', 'q15']",4,"[np.int64(29), np.int64(42), np.int64(45), np.int64(48)]",3,0.77122,0.31707098032444797,0.7712177121771207,0.348300040741467,0.7955271565495204,max
sqlite,14,"['q8', 'q10', 'q2', 'q13', 'q5', 'q7', 'q1', 'q3', 'q9', 'q14', 'q6', 'q12', 'q4', 'q15']",5,"[np.int64(3), np.int64(7), np.int64(26), np.int64(29), np.int64(46)]",3,0.77122,0.3089538040061703,0.7712177121771207,0.3138919293806466,0.7238095238095246,max
sqlite,14,"['q8', 'q10', 'q2', 'q13', 'q5', 'q7', 'q1', 'q3', 'q9', 'q14', 'q6', 'q12', 'q4', 'q15']",1,[np.int64(47)],4,1.0,0.6293349746780718,1.0,0.6810725695375646,1.0,max
sqlite,14,"['q8', 'q10', 'q2', 'q13', 'q5', 'q7', 'q1', 'q3', 'q9', 'q14', 'q6', 'q12', 'q4', 'q15']",2,"[np.int64(6), np.int64(28)]",4,0.91374,0.3822397948698573,0.9137380191693286,0.39745455639835264,0.8931750741839749,max
sqlite,14,"['q8', 'q10', 'q2', 'q13', 'q5', 'q7', 'q1', 'q3', 'q9', 'q14', 'q6', 'q12', 'q4', 'q15']",3,"[np.int64(17), np.int64(25), np.int64(29)]",4,0.77122,0.33136761058109676,0.7712177121771207,0.3694154638840336,0.7991513437057977,max
sqlite,14,"['q8', 'q10', 'q2', 'q13', 'q5', 'q7', 'q1', 'q3', 'q9', 'q14', 'q6', 'q12', 'q4', 'q15']",4,"[np.int64(1), np.int64(15), np.int64(29), np.int64(38)]",4,0.77122,0.3126215845347456,0.7712177121771207,0.35092326702217075,0.7591973244147154,max
sqlite,15,"['q8', 'q10', 'q2', 'q13', 'q5', 'q7', 'q1', 'q3', 'q9', 'q14', 'q6', 'q12', 'q4', 'q15', 'q11']",1,[np.int64(8)],1,1.0,0.6542897143294266,1.0,0.611030557134558,1.0,max
sqlite,15,"['q8', 'q10', 'q2', 'q13', 'q5', 'q7', 'q1', 'q3', 'q9', 'q14', 'q6', 'q12', 'q4', 'q15', 'q11']",2,"[np.int64(34), np.int64(37)]",1,0.88176,0.37547080277692946,0.8817567567567564,0.38929100851841586,0.9695340501792108,max
sqlite,15,"['q8', 'q10', 'q2', 'q13', 'q5', 'q7', 'q1', 'q3', 'q9', 'q14', 'q6', 'q12', 'q4', 'q15', 'q11']",3,"[np.int64(18), np.int64(26), np.int64(29)]",1,0.78049,0.3374402501825682,0.7804878048780489,0.35231600106932554,0.7857142857142873,max
sqlite,15,"['q8', 'q10', 'q2', 'q13', 'q5', 'q7', 'q1', 'q3', 'q9', 'q14', 'q6', 'q12', 'q4', 'q15', 'q11']",4,"[np.int64(18), np.int64(26), np.int64(29), np.int64(48)]",1,0.77122,0.3179669067656907,0.7712177121771207,0.3310334568532677,0.7412587412587422,max
sqlite,15,"['q8', 'q10', 'q2', 'q13', 'q5', 'q7', 'q1', 'q3', 'q9', 'q14', 'q6', 'q12', 'q4', 'q15', 'q11']",5,"[np.int64(0), np.int64(18), np.int64(26), np.int64(29), np.int64(48)]",1,0.77122,0.3179669067656907,0.7712177121771207,0.3310334568532677,0.7412587412587422,max
sqlite,15,"['q8', 'q10', 'q2', 'q13', 'q5', 'q7', 'q1', 'q3', 'q9', 'q14', 'q6', 'q12', 'q4', 'q15', 'q11']",1,[np.int64(38)],2,1.0,0.646284376512923,1.0,0.6219709488872919,1.0,max
sqlite,15,"['q8', 'q10', 'q2', 'q13', 'q5', 'q7', 'q1', 'q3', 'q9', 'q14', 'q6', 'q12', 'q4', 'q15', 'q11']",2,"[np.int64(6), np.int64(28)]",2,0.91374,0.39472079963844503,0.9137380191693286,0.36001698998905385,0.8805970149253731,max
sqlite,15,"['q8', 'q10', 'q2', 'q13', 'q5', 'q7', 'q1', 'q3', 'q9', 'q14', 'q6', 'q12', 'q4', 'q15', 'q11']",3,"[np.int64(26), np.int64(45), np.int64(48)]",2,0.76589,0.3530327886665379,0.7658862876254171,0.32085187776439167,0.7933579335793356,max
sqlite,15,"['q8', 'q10', 'q2', 'q13', 'q5', 'q7', 'q1', 'q3', 'q9', 'q14', 'q6', 'q12', 'q4', 'q15', 'q11']",4,"[np.int64(26), np.int64(42), np.int64(45), np.int64(47)]",2,0.75251,0.343855155065546,0.7525083612040139,0.2858094497692286,0.8081180811808132,max
sqlite,15,"['q8', 'q10', 'q2', 'q13', 'q5', 'q7', 'q1', 'q3', 'q9', 'q14', 'q6', 'q12', 'q4', 'q15', 'q11']",5,"[np.int64(3), np.int64(15), np.int64(18), np.int64(29), np.int64(42)]",2,0.75251,0.3277035907405305,0.7525083612040139,0.2713778930386121,0.7712177121771207,max
sqlite,15,"['q8', 'q10', 'q2', 'q13', 'q5', 'q7', 'q1', 'q3', 'q9', 'q14', 'q6', 'q12', 'q4', 'q15', 'q11']",1,[np.int64(23)],3,1.0,0.6280869274747845,1.0,0.6617381911011373,1.0,max
sqlite,15,"['q8', 'q10', 'q2', 'q13', 'q5', 'q7', 'q1', 'q3', 'q9', 'q14', 'q6', 'q12', 'q4', 'q15', 'q11']",2,"[np.int64(6), np.int64(18)]",3,0.89318,0.3870324229859694,0.8931750741839749,0.3863977835741656,0.9938900203665986,max
sqlite,15,"['q8', 'q10', 'q2', 'q13', 'q5', 'q7', 'q1', 'q3', 'q9', 'q14', 'q6', 'q12', 'q4', 'q15', 'q11']",3,"[np.int64(29), np.int64(31), np.int64(45)]",3,0.77258,0.3414482489240631,0.7725752508361217,0.3671596250110454,0.8542274052478114,max
sqlite,15,"['q8', 'q10', 'q2', 'q13', 'q5', 'q7', 'q1', 'q3', 'q9', 'q14', 'q6', 'q12', 'q4', 'q15', 'q11']",4,"[np.int64(1), np.int64(29), np.int64(31), np.int64(42)]",3,0.77122,0.32522850645541146,0.7712177121771207,0.35194576114241327,0.7955271565495204,max
sqlite,15,"['q8', 'q10', 'q2', 'q13', 'q5', 'q7', 'q1', 'q3', 'q9', 'q14', 'q6', 'q12', 'q4', 'q15', 'q11']",5,"[np.int64(3), np.int64(26), np.int64(29), np.int64(37), np.int64(48)]",3,0.77122,0.3084264952256267,0.7712177121771207,0.32060324015307246,0.7238095238095246,max
sqlite,15,"['q8', 'q10', 'q2', 'q13', 'q5', 'q7', 'q1', 'q3', 'q9', 'q14', 'q6', 'q12', 'q4', 'q15', 'q11']",1,[np.int64(38)],4,1.0,0.6335668187032125,1.0,0.6601236223164235,1.0,max
sqlite,15,"['q8', 'q10', 'q2', 'q13', 'q5', 'q7', 'q1', 'q3', 'q9', 'q14', 'q6', 'q12', 'q4', 'q15', 'q11']",2,"[np.int64(6), np.int64(28)]",4,0.91374,0.38224047069556494,0.9137380191693286,0.39745797681769407,0.8931750741839749,max
sqlite,15,"['q8', 'q10', 'q2', 'q13', 'q5', 'q7', 'q1', 'q3', 'q9', 'q14', 'q6', 'q12', 'q4', 'q15', 'q11']",3,"[np.int64(7), np.int64(25), np.int64(29)]",4,0.77122,0.33127794662992927,0.7712177121771207,0.3692685117089243,0.7991513437057977,max
sqlite,15,"['q8', 'q10', 'q2', 'q13', 'q5', 'q7', 'q1', 'q3', 'q9', 'q14', 'q6', 'q12', 'q4', 'q15', 'q11']",4,"[np.int64(15), np.int64(29), np.int64(37), np.int64(46)]",4,0.77122,0.31333363668595554,0.7712177121771207,0.34910342708749437,0.7892976588628772,max
