system,split,configs,num_performances,performances,tree_depth,tree_leaves,sdc_num_configs,sdc_avg,sdc_std,best_avg,best_std,best_num_configs,average_avg,average_std,overall_avg,overall_std,metric_avg,metric_std
gcc,0,0,1,exec,1.6,107,0.175,0.4601446991229318,0.5598989276632627,0.0,0.0,0.0625,1.0511524506383794,0.14478232117698583,0.048131489314412655,0.0640485667749392,0.048131489314412655,0.0640485667749392
gcc,1,0,1,exec,1.8,109,0.1375,0.38254051325536115,0.5808133236304298,0.0,0.0,0.0625,1.0422652408554487,0.08884245564468914,0.0556440542674375,0.10797486772069939,0.0556440542674375,0.10797486772069939
gcc,2,0,1,exec,1.8,118,0.175,0.015416525689051119,0.02569198510152786,0.0,0.0,0.05,1.163502262512069,0.20065237318580062,0.029243496418277816,0.025059110989745594,0.029243496418277816,0.025059110989745594
gcc,3,0,1,exec,1.8,124,0.1875,0.46494524990436004,0.7626735794578539,0.0,0.0,0.05,1.376973127918419,0.21716159628853907,0.2170892956831291,0.2728910156203941,0.037583502907469236,0.04423489511949714
gcc,4,0,1,exec,2.0,115,0.1375,0.3881183700496521,0.6339802083088082,0.0,0.0,0.05,1.0059323851236504,0.21096427834345746,0.37532814079364973,0.7503425857615473,0.37532814079364973,0.7503425857615473
gcc,0,0,1,ctime,1.6,114,0.15,0.2802693055499419,0.22463683041037846,0.0,0.0,0.0625,1.5214830076913355,0.22763840318512873,0.2492799854833183,0.2567902342571101,0.2492799854833183,0.2567902342571101
gcc,1,0,1,ctime,1.6,117,0.15,0.43443490656513556,0.14718484232521034,0.0,0.0,0.0625,1.6370934815077003,0.19872590537585078,0.3240301668212614,0.32016060235317845,0.3240301668212614,0.32016060235317845
gcc,2,0,1,ctime,1.8,111,0.1375,0.5838014356022369,0.23102026778265203,0.0,0.0,0.0625,1.6135110043959309,0.1631344327298315,0.3743277377028384,0.3340475503713399,0.3743277377028384,0.3340475503713399
gcc,3,0,1,ctime,1.6,111,0.15,0.6455962550026519,0.3565695071136815,0.0,0.0,0.0625,1.6084340503505428,0.20737590438394646,0.34692779412948316,0.33604422878709533,0.34692779412948316,0.33604422878709533
gcc,4,0,1,ctime,1.6,110,0.15,0.2644120310571039,0.06141400734638086,0.0,0.0,0.05,1.532367546455648,0.13772613021402283,0.26925008677138196,0.17034999469368747,0.26925008677138196,0.17034999469368747
gcc,0,0,1,size,0.8,27,0.0375,0.008260379288262842,0.015937937394116072,0.0,0.0,0.025,0.5895172735963108,0.07125066248557332,0.008260379288262842,0.015937937394116072,0.008260379288262842,0.015937937394116072
gcc,1,0,1,size,0.6,31,0.0375,0.005315953766436787,0.011886833986998696,0.0,0.0,0.025,0.6392426293496352,0.029726991429626266,0.005315953766436787,0.011886833986998696,0.005315953766436787,0.011886833986998696
gcc,2,0,1,size,1.2,43,0.0375,0.0,0.0,0.0,0.0,0.0125,0.6411032088436989,0.03008959829909331,0.0,0.0,0.0,0.0
gcc,3,0,1,size,1.0,35,0.025,0.18046857420596868,0.4035399997270111,0.0,0.0,0.025,0.7051608432116453,0.31697645384032874,0.18046857420596868,0.4035399997270111,0.0,0.0
gcc,4,0,1,size,0.6,35,0.0375,0.0,0.0,0.0,0.0,0.0125,0.5995724171633888,0.07552821891650471,0.0,0.0,0.0,0.0
gcc,0,0,1,exec,1.6,107,0.175,0.4601446991229318,0.5598989276632627,0.0,0.0,0.0625,1.0511524506383794,0.14478232117698583,0.048131489314412655,0.0640485667749392,0.048131489314412655,0.0640485667749392
gcc,1,0,1,exec,1.8,109,0.1375,0.38254051325536115,0.5808133236304298,0.0,0.0,0.0625,1.0422652408554487,0.08884245564468914,0.0556440542674375,0.10797486772069939,0.0556440542674375,0.10797486772069939
gcc,2,0,1,exec,1.8,118,0.175,0.015416525689051119,0.02569198510152786,0.0,0.0,0.05,1.163502262512069,0.20065237318580062,0.029243496418277816,0.025059110989745594,0.029243496418277816,0.025059110989745594
gcc,3,0,1,exec,1.8,124,0.1875,0.46494524990436004,0.7626735794578539,0.0,0.0,0.05,1.376973127918419,0.21716159628853907,0.2170892956831291,0.2728910156203941,0.037583502907469236,0.04423489511949714
gcc,4,0,1,exec,2.0,115,0.1375,0.3881183700496521,0.6339802083088082,0.0,0.0,0.05,1.0059323851236504,0.21096427834345746,0.37532814079364973,0.7503425857615473,0.37532814079364973,0.7503425857615473
gcc,0,0,2,exec-ctime,1.4,105,0.1375,0.15437146388615483,0.1306679187025633,0.0,0.0,0.075,1.3739445895317004,0.17537938613124018,0.050300723731589586,0.06053402476615683,1.7360815538191472,0.23940407815784637
gcc,1,0,2,exec-ctime,1.6,111,0.1375,0.4892414842825799,0.8513037126873652,0.0,0.0,0.0625,1.6341776916363682,0.09659546749180487,0.19700350541980316,0.20052250159418336,1.9362426749752921,0.3015310211591447
gcc,2,0,2,exec-ctime,1.4,108,0.1375,0.4968073083203259,0.6697734829719697,0.0,0.0,0.05,1.4606801080031506,0.15513906280239745,0.17627527789619363,0.3105559519732036,1.7053361417104014,0.5342961316921455
gcc,3,0,2,exec-ctime,1.6,112,0.15,0.6788770571770015,0.5719115561493949,0.0,0.0,0.0375,1.4503974387949945,0.15339822478467594,0.11257429970740396,0.07094507538844405,1.4285446006292393,0.4070794552836725
gcc,4,0,2,exec-ctime,1.6,118,0.125,0.27823365802861133,0.3722390090140338,0.0,0.0,0.0625,1.462397898881561,0.19206778116103654,0.3099435453139573,0.4112159885800374,1.81855506251032,0.29591716093489717
gcc,0,0,3,exec-ctime-size,2.2,104,0.125,0.6041224551901715,1.2493952870973752,0.0,0.0,0.075,1.3633176811186642,0.13378756096784386,0.07314529329024722,0.053953758930591435,1.2902792850177391,0.28462183078844794
gcc,1,0,3,exec-ctime-size,1.6,109,0.1125,0.38558108979100025,0.4186442787484946,0.0,0.0,0.05,1.415504037659748,0.07113314828506763,0.10859628350785284,0.1148134740548422,1.4634860715021527,0.34295085124019514
gcc,2,0,3,exec-ctime-size,1.6,99,0.1375,0.3367906847263599,0.23259775968712254,0.0,0.0,0.0375,1.451005401313552,0.0371778561678882,0.15471604776943101,0.13017320063656762,1.363828615659576,0.2947103616849368
gcc,3,0,3,exec-ctime-size,1.8,105,0.125,0.5121108788470778,0.9803576686490728,0.0,0.0,0.05,1.4194068384104361,0.11079674858733513,0.07287528440516187,0.043039476590886416,1.0627484965582992,0.18578933953032112
gcc,4,0,3,exec-ctime-size,1.6,100,0.1125,0.2211178732955697,0.1777521230509161,0.0,0.0,0.0625,1.3517075838343615,0.13258408031584315,0.1503209336931643,0.1451184922017139,1.2762722250371434,0.3240211093187387
imagemagick,0,0,1,size,0.29850746268656714,520,0.03,0.006212219703663649,0.04317079375557962,0.0,0.0,0.03,1.5059227668909372,0.24845754656431326,0.0029652268529521313,0.017486195516060243,0.0029652268529521313,0.017486195516060243
imagemagick,1,0,1,size,0.4696969696969697,579,0.03,0.004284560559305542,0.029620392522347036,0.0,0.0,0.03,1.5369186203054346,0.20957381954177443,0.002421972637803842,0.014760770404075486,0.002421972637803842,0.014760770404075486
imagemagick,2,0,1,size,0.2903225806451613,507,0.03,0.0067612271921648325,0.037471628667197304,0.0,0.0,0.03,1.5125197613752368,0.22961684029098434,0.006991736255242771,0.0375714935656628,0.006991736255242771,0.0375714935656628
imagemagick,3,0,1,size,0.38095238095238093,608,0.03,0.00365577481012223,0.030703643034563438,0.0,0.0,0.03,1.496097938702768,0.23194238248568366,0.0018468937253039485,0.017176109513890987,0.0018468937253039485,0.017176109513890987
imagemagick,4,0,1,size,0.36065573770491804,563,0.03,0.008208903702203906,0.04758288368579523,0.0,0.0,0.03,1.4956250722058266,0.24195722302072528,0.0065425559340354465,0.037771006073164075,0.0065425559340354465,0.037771006073164075
imagemagick,0,0,1,time,0.4626865671641791,3090,0.23,0.03643684865194237,0.10168421494416581,0.0,0.0,0.2,1.2236303028786353,0.07933553887081511,0.033810724808763216,0.13771149904615693,0.033810724808763216,0.13771149904615693
imagemagick,1,0,1,time,0.5,3034,0.21,0.052127208243558966,0.11556880429029329,0.0,0.0,0.21,1.228948458711573,0.07845625653640359,0.046265948637484025,0.11583688334656171,0.046265948637484025,0.11583688334656171
imagemagick,2,0,1,time,0.5645161290322581,2947,0.23,0.05070816043988335,0.1423917256364745,0.0,0.0,0.19,1.2321143148929745,0.09210075350097395,0.0490375707652489,0.1380567982592779,0.0490375707652489,0.1380567982592779
imagemagick,3,0,1,time,0.5555555555555556,3095,0.23,0.0475195979412584,0.1388507415899094,0.0,0.0,0.2,1.2326701899084125,0.10322785191424362,0.04741485101814804,0.14771105164829065,0.04741485101814804,0.14771105164829065
imagemagick,4,0,1,time,0.639344262295082,3093,0.23,0.052972812500019055,0.16134910214986925,0.0,0.0,0.17,1.229332819624587,0.0812346376881207,0.04029402851051917,0.12558876314734385,0.04029402851051917,0.12558876314734385
imagemagick,0,0,1,size,0.29850746268656714,520,0.03,0.006212219703663649,0.04317079375557962,0.0,0.0,0.03,1.5059227668909372,0.24845754656431326,0.0029652268529521313,0.017486195516060243,0.0029652268529521313,0.017486195516060243
imagemagick,1,0,1,size,0.4696969696969697,579,0.03,0.004284560559305542,0.029620392522347036,0.0,0.0,0.03,1.5369186203054346,0.20957381954177443,0.002421972637803842,0.014760770404075486,0.002421972637803842,0.014760770404075486
imagemagick,2,0,1,size,0.2903225806451613,507,0.03,0.0067612271921648325,0.037471628667197304,0.0,0.0,0.03,1.5125197613752368,0.22961684029098434,0.006991736255242771,0.0375714935656628,0.006991736255242771,0.0375714935656628
imagemagick,3,0,1,size,0.38095238095238093,608,0.03,0.00365577481012223,0.030703643034563438,0.0,0.0,0.03,1.496097938702768,0.23194238248568366,0.0018468937253039485,0.017176109513890987,0.0018468937253039485,0.017176109513890987
imagemagick,4,0,1,size,0.36065573770491804,563,0.03,0.008208903702203906,0.04758288368579523,0.0,0.0,0.03,1.4956250722058266,0.24195722302072528,0.0065425559340354465,0.037771006073164075,0.0065425559340354465,0.037771006073164075
imagemagick,0,0,2,size-time,0.47761194029850745,3013,0.12,0.0238326947274683,0.05573853309262946,0.0,0.0,0.1,1.6997660225300073,0.05867801553532384,0.018699269836026038,0.06019182494194968,1.8744357393903477,0.14138712494364689
imagemagick,1,0,2,size-time,0.6212121212121212,3046,0.13,0.037704760150382904,0.09383550820491586,0.0,0.0,0.09,1.7118727495601862,0.04710136191085777,0.02698711131091301,0.06883000506540914,1.8595838752712734,0.12860942659818053
imagemagick,2,0,2,size-time,0.6612903225806451,3024,0.12,0.03766942400139804,0.11351992853354005,0.0,0.0,0.11,1.7080600865289073,0.056243179861729456,0.024801697615878505,0.09197752033326376,1.86614551863681,0.14163162064456986
imagemagick,3,0,2,size-time,0.6666666666666666,3113,0.12,0.024789944501575033,0.07030227878087228,0.0,0.0,0.09,1.7085672442162592,0.0671873874308722,0.020145404982980803,0.057322090384352764,1.8744480630553488,0.1293683478945883
imagemagick,4,0,2,size-time,0.6721311475409836,3084,0.13,0.031527649863214456,0.10520740852846806,0.0,0.0,0.1,1.7030471670482523,0.07437878561078051,0.02178397284013031,0.06902774470783754,1.8699076044764182,0.14161453585273925
lingeling,0,0,1,reductions,4.25,1008,0.61,1.94191587233973,1.3567451261381855,0.0,0.0,0.21,2.1426100388390847,0.898998339692995,2.0311261093976984,1.426831445263741,1.847481623577713,1.375344809490531
lingeling,1,0,1,reductions,4.75,1017,0.57,1.5430526938697382,1.424020063606223,0.0,0.0,0.26,2.133436767048533,1.138066148834887,1.8972112347181658,1.5670163943980309,1.82970946323423,1.6272204751461425
lingeling,2,0,1,reductions,5.25,1029,0.62,2.223049566513055,1.852196410937479,0.0,0.0,0.24,2.4616746254544553,1.554956058786741,2.2794147036643113,1.9106049209411553,2.2794147036643113,1.9106049209411553
lingeling,3,0,1,reductions,4.25,1017,0.59,3.0329401992843374,2.25448237291072,0.0,0.0,0.32,2.85700758478685,2.059744695795034,2.6487367064503893,2.3708673615482256,2.6487367064503893,2.3708673615482256
lingeling,4,0,1,reductions,5.0,1025,0.62,1.810349265497852,1.9588339697481225,0.0,0.0,0.26,2.500724110295086,1.59696699435393,2.0475897990616305,1.8865425536778733,2.0475897990616305,1.8865425536778733
lingeling,0,0,1,cps,5.0,1070,0.77,2.166669961360211,1.1567036036783176,0.0,0.0,0.36,2.359503002928645,0.7440532114281014,2.1212377255774517,1.3136242860275757,2.1212377255774517,1.3136242860275757
lingeling,1,0,1,cps,4.75,1077,0.82,1.9240163233713001,1.3616934689566038,0.0,0.0,0.33,2.570524459514271,0.9161691680423688,2.0734716435333236,1.3655025956398181,2.0734716435333236,1.3655025956398181
lingeling,2,0,1,cps,5.5,1076,0.81,1.9989742379666882,1.78370743583506,0.0,0.0,0.31,2.5192868177768406,1.179882578467174,2.1585125998085872,1.5885537478668763,2.1585125998085872,1.5885537478668763
lingeling,3,0,1,cps,5.0,1081,0.73,2.417941646842994,1.6665604922563388,0.0,0.0,0.38,2.810056774075905,1.2895470545856555,2.443454346559796,1.7080729320817576,2.443454346559796,1.7080729320817576
lingeling,4,0,1,cps,5.0,1068,0.77,2.102523566934896,1.6913604474036992,0.0,0.0,0.4,2.529752352392013,1.336728186611516,2.2101395371204346,1.8732283473891864,2.068812286219809,1.89465108507467
lingeling,0,0,1,conflicts,4.75,1059,0.77,2.2805636680372787,1.387104559424556,0.0,0.0,0.37,2.4031229887456855,0.9723244475190421,2.1186349657047545,1.427638693867898,2.1186349657047545,1.427638693867898
lingeling,1,0,1,conflicts,6.5,1074,0.82,1.9893495982184382,1.5405715191092717,0.0,0.0,0.33,2.5646846219047577,1.0331435986458455,2.0669111280869004,1.4533956112490083,2.0669111280869004,1.4533956112490083
lingeling,2,0,1,conflicts,5.25,1086,0.81,1.9292265265580155,1.9721660216410613,0.0,0.0,0.34,2.602683194730042,1.3878553897288701,2.284707807225166,1.7793860572834967,2.284707807225166,1.7793860572834967
lingeling,3,0,1,conflicts,4.5,1077,0.78,2.877825269098506,2.432932213056552,0.0,0.0,0.39,3.1107910088100654,2.0237486494751464,2.728933632858032,2.412853965554685,2.728933632858032,2.412853965554685
lingeling,4,0,1,conflicts,5.0,1072,0.78,2.0984354924233766,1.6815124783723652,0.0,0.0,0.39,2.5320922061046978,1.3330799760825207,2.2340618625118336,1.8582986960596704,2.077118131536666,1.8860577365805682
lingeling,0,0,1,reductions,4.25,1008,0.61,1.94191587233973,1.3567451261381855,0.0,0.0,0.21,2.1426100388390847,0.898998339692995,2.0311261093976984,1.426831445263741,1.847481623577713,1.375344809490531
lingeling,1,0,1,reductions,4.75,1017,0.57,1.5430526938697382,1.424020063606223,0.0,0.0,0.26,2.133436767048533,1.138066148834887,1.8972112347181658,1.5670163943980309,1.82970946323423,1.6272204751461425
lingeling,2,0,1,reductions,5.25,1029,0.62,2.223049566513055,1.852196410937479,0.0,0.0,0.24,2.4616746254544553,1.554956058786741,2.2794147036643113,1.9106049209411553,2.2794147036643113,1.9106049209411553
lingeling,3,0,1,reductions,4.25,1017,0.59,3.0329401992843374,2.25448237291072,0.0,0.0,0.32,2.85700758478685,2.059744695795034,2.6487367064503893,2.3708673615482256,2.6487367064503893,2.3708673615482256
lingeling,4,0,1,reductions,5.0,1025,0.62,1.810349265497852,1.9588339697481225,0.0,0.0,0.26,2.500724110295086,1.59696699435393,2.0475897990616305,1.8865425536778733,2.0475897990616305,1.8865425536778733
lingeling,0,0,2,reductions-cps,4.5,1014,0.75,2.095117398394367,1.036469996799511,0.0,0.0,0.36,2.0680780365368685,0.679267047345393,1.891191617245856,1.2552391092185404,1.8717590939507676,1.0626784664233417
lingeling,1,0,2,reductions-cps,5.0,1074,0.81,1.2946024990354816,1.198354138665062,0.0,0.0,0.37,2.0266050797321626,0.8422507797225945,1.654270337331852,1.3127885375823292,1.6843835609735058,1.1814635046971258
lingeling,2,0,2,reductions-cps,4.75,1084,0.79,1.5035539923163201,1.4200469570367718,0.0,0.0,0.34,2.07888583701815,0.9230909178589787,1.8370445207658932,1.1832614671344497,1.867151956841843,1.092981210962601
lingeling,3,0,2,reductions-cps,5.25,1056,0.78,2.2100952426042717,1.5924647050671128,0.0,0.0,0.34,2.386447909629778,1.335693547872622,1.9660096873431574,1.7700647448885682,2.074176392528451,1.6351871101351094
lingeling,4,0,2,reductions-cps,4.25,1039,0.79,1.9357413024083285,1.7851870720954115,0.0,0.0,0.35,2.4016264441762925,1.4195523597998978,1.9198503955040496,1.9382396497703238,2.0171787209921734,1.6474739297846255
lingeling,0,0,3,reductions-cps-conflicts,4.5,1023,0.74,1.9951788285160537,1.0353666050443375,0.0,0.0,0.35,2.050517184876454,0.6641737431662476,1.868967899302085,1.22753269024552,1.851589943043001,1.0424855851406836
lingeling,1,0,3,reductions-cps-conflicts,5.0,1063,0.79,1.3469776893401613,1.1933791380876213,0.0,0.0,0.37,2.029053238722297,0.8511687365776818,1.651487795481361,1.311018483946242,1.6936061541897707,1.1881302352079448
lingeling,2,0,3,reductions-cps-conflicts,4.5,1078,0.77,1.5637646186820158,1.434775194486611,0.0,0.0,0.35,2.083587369749231,0.9246065746575178,1.8498928067445055,1.199147310046161,1.8727596923267147,1.1092922072382962
lingeling,3,0,3,reductions-cps-conflicts,5.25,1058,0.8,2.247880284063773,1.6008659518778179,0.0,0.0,0.34,2.389729406962668,1.338194942604238,1.9569371452392554,1.7659760168301373,2.0708071859772375,1.6349103291825102
lingeling,4,0,3,reductions-cps-conflicts,4.5,1038,0.79,1.9209474123418777,1.8040584031401279,0.0,0.0,0.35,2.4043756429047236,1.4168330861471468,1.93839394842416,1.9249553218451356,2.0312433799667997,1.640112872890819
nodejs,0,0,1,ops,3.0,1237,0.98,0.7401993017425779,1.0603657175239158,0.0,0.0,1.0,1.516893502480201,0.6287286043403646,0.8277751490355603,1.1518095740507375,0.8277751490355603,1.1518095740507375
nodejs,1,0,1,ops,3.1666666666666665,1219,0.96,0.8286422193974137,1.1975191543652566,0.0,0.0,1.0,1.6244097572903005,0.8173834448567007,0.9406410972819315,1.4003205493479642,0.9406410972819315,1.4003205493479642
nodejs,2,0,1,ops,3.3333333333333335,1250,0.98,0.8555595835751856,1.229939297668765,0.0,0.0,0.98,1.6030467222538243,0.804994489799055,0.9368827366702626,1.3076994549851637,0.9368827366702626,1.3076994549851637
nodejs,3,0,1,ops,3.1666666666666665,1238,1.0,0.7885160257462263,1.1017897314923752,0.0,0.0,1.0,1.5461859567044072,0.6986451757060296,0.8742611124542368,1.233270447117326,0.8742611124542368,1.233270447117326
nodejs,4,0,1,ops,3.0,1241,0.98,0.8527108962836708,1.1285401706493448,0.0,0.0,1.0,1.5890582483670725,0.7300745281625618,0.9589601161303936,1.2890097958263362,0.9589601161303936,1.2890097958263362
nodejs,0,0,1,ops,3.0,1237,0.98,0.7401993017425779,1.0603657175239158,0.0,0.0,1.0,1.516893502480201,0.6287286043403646,0.8277751490355603,1.1518095740507375,0.8277751490355603,1.1518095740507375
nodejs,1,0,1,ops,3.1666666666666665,1219,0.96,0.8286422193974137,1.1975191543652566,0.0,0.0,1.0,1.6244097572903005,0.8173834448567007,0.9406410972819315,1.4003205493479642,0.9406410972819315,1.4003205493479642
nodejs,2,0,1,ops,3.3333333333333335,1250,0.98,0.8555595835751856,1.229939297668765,0.0,0.0,0.98,1.6030467222538243,0.804994489799055,0.9368827366702626,1.3076994549851637,0.9368827366702626,1.3076994549851637
nodejs,3,0,1,ops,3.1666666666666665,1238,1.0,0.7885160257462263,1.1017897314923752,0.0,0.0,1.0,1.5461859567044072,0.6986451757060296,0.8742611124542368,1.233270447117326,0.8742611124542368,1.233270447117326
nodejs,4,0,1,ops,3.0,1241,0.98,0.8527108962836708,1.1285401706493448,0.0,0.0,1.0,1.5890582483670725,0.7300745281625618,0.9589601161303936,1.2890097958263362,0.9589601161303936,1.2890097958263362
poppler,0,0,1,size,6.166666666666667,3926,1.0,0.5076543927613906,0.8818402701050719,0.0,0.0,1.0,1.0441556801017813,0.16697737117242814,0.4881521829936819,0.8585629077566219,0.4881521829936819,0.8585629077566219
poppler,1,0,1,size,5.0,4018,1.0,0.49498661610946537,0.8404096426808372,0.0,0.0,1.0,1.04807217931126,0.16072434489102524,0.5855890606982906,0.8817386414916958,0.5855890606982906,0.8817386414916958
poppler,2,0,1,size,4.833333333333333,3906,1.0,0.5883239276854008,0.9239535891803669,0.0,0.0,1.0,1.03207443964876,0.13926957254190106,0.5792622900034282,0.8873959637658946,0.5792622900034282,0.8873959637658946
poppler,3,0,1,size,4.666666666666667,3902,1.0,0.5101866539525697,0.8700442531294217,0.0,0.0,1.0,1.0262993712635198,0.1714890367399899,0.4949355598052732,0.881380295840619,0.4949355598052732,0.881380295840619
poppler,4,0,1,size,4.5,3926,1.0,0.5632546671970958,0.8942576811925051,0.0,0.0,1.0,1.0489549066099935,0.17116872952649467,0.5377024869229363,0.8764218858141462,0.5377024869229363,0.8764218858141462
poppler,0,0,1,time,4.666666666666667,3762,1.0,0.27625667239388496,0.6100621984785449,0.0,0.0,1.0,1.0070152802464785,0.3092386305673619,0.26776716590348815,0.6328272919254055,0.21354518952157492,0.5039957520055575
poppler,1,0,1,time,4.333333333333333,3803,1.0,0.26958059191992423,0.6311451872449994,0.0,0.0,1.0,1.0251428338793813,0.31398182358503574,0.2830208887616922,0.6207302855559146,0.2566153379187693,0.5925445026606728
poppler,2,0,1,time,4.0,3760,1.0,0.2359722863749104,0.6047401149693692,0.0,0.0,1.0,1.0095959228333697,0.2947224619880652,0.24141924121522612,0.5268904768111331,0.24141924121522612,0.5268904768111331
poppler,3,0,1,time,4.166666666666667,3705,1.0,0.2781610450343599,0.6451081717956652,0.0,0.0,1.0,1.022401080677811,0.34361713491692564,0.24819011402549362,0.5831285027463422,0.24819011402549362,0.5831285027463422
poppler,4,0,1,time,4.0,3734,1.0,0.3046933060608544,0.5947020891019935,0.0,0.0,0.9375,1.032350183346866,0.3014910649860169,0.28425345836916327,0.5599397870509686,0.28425345836916327,0.5599397870509686
poppler,0,0,1,size,6.166666666666667,3926,1.0,0.5076543927613906,0.8818402701050719,0.0,0.0,1.0,1.0441556801017813,0.16697737117242814,0.4881521829936819,0.8585629077566219,0.4881521829936819,0.8585629077566219
poppler,1,0,1,size,5.0,4018,1.0,0.49498661610946537,0.8404096426808372,0.0,0.0,1.0,1.04807217931126,0.16072434489102524,0.5855890606982906,0.8817386414916958,0.5855890606982906,0.8817386414916958
poppler,2,0,1,size,4.833333333333333,3906,1.0,0.5883239276854008,0.9239535891803669,0.0,0.0,1.0,1.03207443964876,0.13926957254190106,0.5792622900034282,0.8873959637658946,0.5792622900034282,0.8873959637658946
poppler,3,0,1,size,4.666666666666667,3902,1.0,0.5101866539525697,0.8700442531294217,0.0,0.0,1.0,1.0262993712635198,0.1714890367399899,0.4949355598052732,0.881380295840619,0.4949355598052732,0.881380295840619
poppler,4,0,1,size,4.5,3926,1.0,0.5632546671970958,0.8942576811925051,0.0,0.0,1.0,1.0489549066099935,0.17116872952649467,0.5377024869229363,0.8764218858141462,0.5377024869229363,0.8764218858141462
poppler,0,0,2,size-time,5.5,4020,1.0,0.3947110671069224,0.6915260856791459,0.0,0.0,1.0,0.9564209469034706,0.4866395860875136,0.27033827869849286,0.5545984456644799,0.4860450797954459,0.4915308172014227
poppler,1,0,2,size-time,5.5,4036,1.0,0.45747451355145125,0.7903192736350225,0.0,0.0,1.0,1.0005791203691257,0.48209265399390455,0.27348989667607354,0.5206551886298246,0.5619078897815755,0.5018780144741185
poppler,2,0,2,size-time,4.5,4016,1.0,0.38933946201073594,0.6922708504652186,0.0,0.0,1.0,0.95543196745017,0.5116319201539045,0.2383610650055042,0.5582907288069933,0.5095666874247265,0.49685106697113385
poppler,3,0,2,size-time,4.833333333333333,4065,1.0,0.4645069762479548,0.7667360484718533,0.0,0.0,1.0,0.991437566417025,0.4853384201388285,0.23904186424652557,0.5292192488587555,0.5026886481449677,0.5233909558639539
poppler,4,0,2,size-time,4.833333333333333,4017,1.0,0.4696305072328265,0.8341554556528685,0.0,0.0,1.0,0.9836624858848023,0.4905244504499307,0.28113029445463955,0.5616287342254136,0.5409102444935672,0.5135320563992967
sqlite,0,0,1,q8,2.8333333333333335,498,0.36,0.007693987815125685,0.01141501290310402,0.0,0.0,0.34,0.9762941056052078,0.04599644082170703,0.0949699789068546,0.05086899912250024,0.09267388015709968,0.048628985857410455
sqlite,1,0,1,q8,3.6666666666666665,510,0.38,0.011136644534775192,0.03665623584375478,0.0,0.0,0.28,0.9794228619807785,0.04566544483186041,0.09470222597080293,0.051250315902545196,0.09470222597080293,0.051250315902545196
sqlite,2,0,1,q8,3.1666666666666665,520,0.38,0.01179691166211953,0.021983374735807616,0.0,0.0,0.3,0.9992133467449886,0.05276520909856687,0.08020095433561526,0.06695806756702982,0.08020095433561526,0.06695806756702982
sqlite,3,0,1,q8,3.0,504,0.36,0.007329296459558334,0.010898277687490405,0.0,0.0,0.28,0.9702227287248124,0.03932947384342174,0.10260566657704305,0.043157886675710876,0.10260566657704305,0.043157886675710876
sqlite,4,0,1,q8,3.0,530,0.4,0.006865581980732497,0.008922623680908733,0.0,0.0,0.22,0.9926765429974501,0.052315105520579316,0.08333580067061526,0.06353503608004793,0.07907313620670091,0.05569023379676159
sqlite,0,0,1,q10,3.1666666666666665,528,0.54,0.018894294663713798,0.018693674266589355,0.0,0.0,0.36,1.0828984586115327,0.22837256357185462,0.1137691548912221,0.09339027763285322,0.10520988367448378,0.0613944471339669
sqlite,1,0,1,q10,3.1666666666666665,528,0.54,0.019425484481967077,0.017421312340501666,0.0,0.0,0.38,1.0912158264245926,0.22534285428595868,0.11577911891582221,0.07811774028765948,0.11577911891582221,0.07811774028765948
sqlite,2,0,1,q10,2.5,549,0.54,0.011316407328189932,0.014527992570054032,0.0,0.0,0.4,1.184356200653155,0.2695049504568239,0.0950105468139379,0.08206450079761504,0.0950105468139379,0.08206450079761504
sqlite,3,0,1,q10,3.0,512,0.52,0.02658710019000413,0.02390003548254007,0.0,0.0,0.38,1.0544747130448344,0.19437487661340988,0.1282882316843565,0.0974288249133136,0.1282882316843565,0.0974288249133136
sqlite,4,0,1,q10,3.0,553,0.54,0.040711168947606007,0.08513360542603442,0.0,0.0,0.36,1.1572142312401432,0.2575157653638872,0.10319264391045888,0.08735890429862023,0.10319264391045888,0.08735890429862023
sqlite,0,0,1,q2,3.1666666666666665,521,0.52,0.10212450523334807,0.09260996341298072,0.0,0.0,0.32,0.9301307629813697,0.44742692009437873,0.5680057265793235,0.910596094399676,0.5680057265793235,0.910596094399676
sqlite,1,0,1,q2,3.0,523,0.48,0.09043543409953357,0.17795207072372965,0.0,0.0,0.34,0.9606826190896581,0.44325828343640544,0.5887627959375286,0.9160497648367646,0.5408344994375258,0.9205246634045614
sqlite,2,0,1,q2,3.3333333333333335,533,0.52,0.08357107626355281,0.13452798300210497,0.0,0.0,0.32,1.146403288218256,0.5161364959592896,0.9649657545794029,1.077572866133205,0.9327472621529824,1.0935944805337607
sqlite,3,0,1,q2,2.8333333333333335,503,0.48,0.11847726274539279,0.09546879450030639,0.0,0.0,0.36,0.8850046072888709,0.389887082870777,0.435274375383789,0.7678972396556007,0.435274375383789,0.7678972396556007
sqlite,4,0,1,q2,2.6666666666666665,543,0.52,0.10874175997672555,0.13015697298446055,0.0,0.0,0.28,1.091638649966892,0.5023417519397841,0.862888215773142,1.0387561182467426,0.8091014512495237,1.0589374407958863
sqlite,0,0,1,q13,3.3333333333333335,474,0.38,0.02953447186950668,0.04893442440406912,0.0,0.0,0.22,1.1878195705936738,0.2709218866479536,0.4344868317792745,0.7996346354325015,0.4344868317792745,0.7996346354325015
sqlite,1,0,1,q13,2.8333333333333335,484,0.38,0.046059543223842626,0.07934282082722256,0.0,0.0,0.3,1.2082418069921057,0.269802023487226,0.44581511003463953,0.8139825699001174,0.44581511003463953,0.8139825699001174
sqlite,2,0,1,q13,2.8333333333333335,482,0.42,0.03470537983233782,0.08530877869329812,0.0,0.0,0.22,1.31941464841036,0.3242097386888081,0.8056703261721192,0.9685678747222861,0.8056703261721192,0.9685678747222861
sqlite,3,0,1,q13,2.5,440,0.38,0.051326706699431804,0.07165284473314278,0.0,0.0,0.2,1.1568945489073454,0.22693112334267074,0.2979374123652157,0.6770350441983449,0.2979374123652157,0.6770350441983449
sqlite,4,0,1,q13,3.0,491,0.4,0.07358086958051345,0.14525112078197516,0.0,0.0,0.24,1.2870131417118542,0.30196096201146977,0.6865631306054816,0.9097739951684028,0.6865631306054816,0.9097739951684028
sqlite,0,0,1,q5,3.1666666666666665,523,0.62,0.3370979270005145,0.31647372818391545,0.0,0.0,0.36,1.5399390008625167,0.4429734928207262,1.1091444118938365,1.175354878903023,1.1091444118938365,1.175354878903023
sqlite,1,0,1,q5,2.6666666666666665,527,0.64,0.7151797257645242,0.7675683637215734,0.0,0.0,0.34,1.6082512105582785,0.40903171202048494,1.3646944723045564,1.289294049938541,1.2708480817644785,1.1300430726250157
sqlite,2,0,1,q5,3.0,549,0.66,0.3167211481122909,0.47300962427105614,0.0,0.0,0.32,1.6265739917572728,0.35082086600707696,1.0113555542396835,1.1714487592964482,1.0113555542396835,1.1714487592964482
sqlite,3,0,1,q5,3.0,515,0.62,0.5254863440240397,0.6268576582066016,0.0,0.0,0.38,1.6271417020045218,0.4187841890625764,1.2915558965413996,1.1195113114892319,1.2915558965413996,1.1195113114892319
sqlite,4,0,1,q5,2.6666666666666665,553,0.58,0.43608750458540907,0.5213014110892868,0.0,0.0,0.3,1.6333800205775297,0.3803709065144326,1.2385126333463228,1.2776477146657932,1.1396379785818465,1.1288521616426939
sqlite,0,0,1,q7,2.5,517,0.46,0.4137066290510894,0.3598002472256628,0.0,0.0,0.28,1.4250719543529884,0.2553915851444127,0.8934545098295803,0.8168849423776376,0.8934545098295803,0.8168849423776376
sqlite,1,0,1,q7,3.3333333333333335,518,0.48,0.3719294251801845,0.3677211584317645,0.0,0.0,0.28,1.4149081049935683,0.24232222416891852,1.0655168060248315,0.8597662059777744,0.832225881964077,0.8679867356945865
sqlite,2,0,1,q7,4.0,534,0.46,0.3304022838114245,0.5560755230997009,0.0,0.0,0.32,1.4901532716709647,0.2999375871259786,1.1726145531574612,1.0048297801453985,1.1332933601484338,0.9976078639963873
sqlite,3,0,1,q7,2.6666666666666665,476,0.42,0.49160206050017535,0.3907270111582956,0.0,0.0,0.3,1.4550322332669428,0.24094616769206356,0.8710962335915062,0.8175500910841293,0.7195386031284696,0.8183230298011827
sqlite,4,0,1,q7,3.3333333333333335,518,0.44,0.34305165708380964,0.5466335903513829,0.0,0.0,0.32,1.4349786870088663,0.300121133580655,1.0753571028339117,0.947433144995463,1.0753571028339117,0.947433144995463
sqlite,0,0,1,q1,3.3333333333333335,518,0.58,0.48115462148487753,0.49709196423958646,0.0,0.0,0.32,1.3630345494544367,0.2692814371442916,0.9379176323041206,0.8227445178293822,0.9379176323041206,0.8227445178293822
sqlite,1,0,1,q1,2.6666666666666665,509,0.5,0.4744830472699949,0.41903948047866535,0.0,0.0,0.36,1.3445610264294985,0.28397393736059123,1.0114548800557932,0.9173541551342166,0.9634254447338545,0.7860146157398349
sqlite,2,0,1,q1,2.8333333333333335,533,0.58,0.3951902102370273,0.47388311151124607,0.0,0.0,0.3,1.4811063915498819,0.2844585266228993,1.1733599969864676,1.0066224312059469,1.1733599969864676,1.0066224312059469
sqlite,3,0,1,q1,2.5,501,0.58,0.5748720578698451,0.618196915486941,0.0,0.0,0.36,1.3083138686393807,0.2642489820298434,0.7514047006019283,0.7661629158237766,0.7036188254397984,0.7557419710016822
sqlite,4,0,1,q1,2.8333333333333335,536,0.56,0.4169954596411479,0.5086574006292658,0.0,0.0,0.34,1.4401751905604672,0.3025361157173461,1.0589264289178502,0.9323496385141428,1.0589264289178502,0.9323496385141428
sqlite,0,0,1,q3,2.6666666666666665,509,0.5,0.16671121800167502,0.258174348547773,0.0,0.0,0.3,0.9671589573995422,0.44050640018631365,0.6071948415612738,0.9053070065156407,0.5876485205971773,0.9219148992651256
sqlite,1,0,1,q3,2.8333333333333335,537,0.54,0.19586589767573673,0.2892735181159328,0.0,0.0,0.38,1.060659031399945,0.44290397194354175,0.7053056232674593,0.929020704008204,0.7053056232674593,0.929020704008204
sqlite,2,0,1,q3,3.0,547,0.5,0.15153336037667448,0.27048087732945003,0.0,0.0,0.38,1.244413117254832,0.48177419960513007,1.0512452785974922,1.0559649685227472,1.0512452785974922,1.0559649685227472
sqlite,3,0,1,q3,2.3333333333333335,506,0.54,0.232696629151501,0.32481139425474775,0.0,0.0,0.3,0.9760586368317757,0.39986173162910943,0.53207922757083,0.7976967275409532,0.4760374873955984,0.8110774551656533
sqlite,4,0,1,q3,2.6666666666666665,540,0.54,0.22989213831896693,0.5032953565696058,0.0,0.0,0.32,1.16451863090306,0.518425790819412,0.9371410362909293,1.0237439649206654,0.8887759583220293,1.0303664744472998
sqlite,0,0,1,q9,2.8333333333333335,524,0.52,0.15670333162668235,0.17288482188196183,0.0,0.0,0.32,1.0531168587537942,0.38629261863514086,0.6504239948338614,0.9238742927515617,0.6504239948338614,0.9238742927515617
sqlite,1,0,1,q9,3.3333333333333335,533,0.52,0.21151192439107425,0.22899273173361515,0.0,0.0,0.34,1.1351961668821298,0.37599119923038005,0.7145628706615961,0.8765851187069281,0.6768393197786674,0.8868821819858498
sqlite,2,0,1,q9,2.6666666666666665,542,0.52,0.2704964143884804,0.42897300307685954,0.0,0.0,0.4,1.2789242860938743,0.4298293373171674,1.0508514063479675,1.035268356046563,1.0054436296604754,1.067697545858504
sqlite,3,0,1,q9,3.1666666666666665,512,0.52,0.22093014450276202,0.2639491675312217,0.0,0.0,0.32,1.0283654193751781,0.34343525996573876,0.5321111048312009,0.7640718914798416,0.5321111048312009,0.7640718914798416
sqlite,4,0,1,q9,2.6666666666666665,540,0.54,0.21166003594047905,0.3621631038664861,0.0,0.0,0.32,1.2157739462704527,0.43096328040228143,0.9167510748466595,1.022040653019298,0.9167510748466595,1.022040653019298
sqlite,0,0,1,q14,2.8333333333333335,509,0.52,0.09067968361355858,0.1452345627174181,0.0,0.0,0.36,0.980415910215794,0.4281704750362044,0.606891508003443,0.9543820696223981,0.606891508003443,0.9543820696223981
sqlite,1,0,1,q14,2.3333333333333335,527,0.52,0.12711376957575968,0.13941081621714846,0.0,0.0,0.38,1.0382277519887995,0.4450248379168958,0.6633023268026923,0.8991154363075752,0.6017489435337907,0.9103032860328669
sqlite,2,0,1,q14,3.0,562,0.54,0.16606688730626706,0.30627183796719293,0.0,0.0,0.32,1.2035273436803822,0.4870742912822234,1.0238194727382235,1.0791356238257614,1.0238194727382235,1.0791356238257614
sqlite,3,0,1,q14,3.0,497,0.48,0.19010458623564708,0.24350459325782575,0.0,0.0,0.32,0.9368490904269072,0.3814825178206194,0.49976326539541815,0.7793206320629408,0.4782891396343197,0.7860271683591944
sqlite,4,0,1,q14,2.1666666666666665,525,0.52,0.1677617633967785,0.3348555528265917,0.0,0.0,0.28,1.1579775034213795,0.48076257024746694,0.9267807613884881,1.0329556521474517,0.8908137352817381,1.0385397336661812
sqlite,0,0,1,q6,3.0,529,0.56,0.11503215595003612,0.11705823652651746,0.0,0.0,0.4,0.9795539056222456,0.4265799502420071,0.6019491118352737,0.9085561353730284,0.6019491118352737,0.9085561353730284
sqlite,1,0,1,q6,3.3333333333333335,535,0.6,0.10668312356650479,0.11733558988443088,0.0,0.0,0.38,1.0119111812766608,0.4343666895056991,0.6148590849178567,0.9078316052173929,0.6148590849178567,0.9078316052173929
sqlite,2,0,1,q6,3.1666666666666665,561,0.6,0.1399021237645301,0.27397160732111875,0.0,0.0,0.38,1.1920204397065128,0.48301293987900307,0.9651933615760512,1.097586496394953,0.9651933615760512,1.097586496394953
sqlite,3,0,1,q6,2.5,515,0.6,0.14224831500710095,0.17711756711104656,0.0,0.0,0.36,0.9477784546884835,0.37286140489638786,0.509640009247123,0.7861828352045883,0.509640009247123,0.7861828352045883
sqlite,4,0,1,q6,3.1666666666666665,553,0.58,0.158327281213124,0.27837925506992717,0.0,0.0,0.34,1.1464110205269369,0.48429058176486695,0.9292485350601122,1.0254422148704943,0.8796460746870113,1.0437973525640971
sqlite,0,0,1,q12,2.8333333333333335,503,0.46,0.11823018478457911,0.1257644977028954,0.0,0.0,0.3,0.9711978468509245,0.43802754830032103,0.5799743240243526,0.9190986408279703,0.5799743240243526,0.9190986408279703
sqlite,1,0,1,q12,2.8333333333333335,513,0.44,0.17285204960438905,0.24844292739963342,0.0,0.0,0.38,1.0046275002715606,0.4561289251633615,0.6191103260907558,0.9103754718938032,0.6191103260907558,0.9103754718938032
sqlite,2,0,1,q12,2.6666666666666665,520,0.5,0.1909518800366836,0.4287518744628808,0.0,0.0,0.34,1.2101960333657704,0.4935448050110956,1.1271686954583144,1.0819700987125171,0.9642842513746357,1.0987904924023149
sqlite,3,0,1,q12,3.0,496,0.54,0.14887101634113098,0.21665547783070113,0.0,0.0,0.3,0.9169929209404407,0.3792375325652829,0.444329139091134,0.7935343852408288,0.444329139091134,0.7935343852408288
sqlite,4,0,1,q12,2.8333333333333335,534,0.54,0.1610254485610581,0.24291300752534875,0.0,0.0,0.3,1.1348174173413805,0.49658081804051807,0.8683373054326616,1.0440300692257503,0.8683373054326616,1.0440300692257503
sqlite,0,0,1,q4,2.5,519,0.48,0.10380578645099811,0.10821498885965407,0.0,0.0,0.34,0.9623553052843874,0.4314219098312608,0.5914069757435693,0.9127403214501874,0.5914069757435693,0.9127403214501874
sqlite,1,0,1,q4,3.3333333333333335,522,0.52,0.18047552906165693,0.2575658741639414,0.0,0.0,0.38,1.0138553975806135,0.4494749313887994,0.6376265234389414,0.9166687034738294,0.6376265234389414,0.9166687034738294
sqlite,2,0,1,q4,3.3333333333333335,537,0.5,0.1480068418653895,0.23678049511973714,0.0,0.0,0.32,1.1832157169449748,0.4964602649145918,1.0559788403414812,1.0699176101258319,0.9907237124067644,1.0806081558509602
sqlite,3,0,1,q4,3.3333333333333335,520,0.52,0.17586545166546697,0.23834535781134342,0.0,0.0,0.3,0.9197367173184191,0.3864362248185494,0.5047484203899383,0.7716168221659334,0.46009791295340513,0.7792088296933785
sqlite,4,0,1,q4,3.1666666666666665,548,0.5,0.14505126251556072,0.2882875731134031,0.0,0.0,0.36,1.137950350340025,0.4938620302216007,0.9081517422368172,1.021528992186278,0.8650138396978707,1.050277170142429
sqlite,0,0,1,q15,3.3333333333333335,473,0.46,0.43596231526963924,0.4937629475404982,0.0,0.0,0.28,1.6768504281711971,0.18514843310288986,0.4013436618445566,0.46563394055354923,0.4013436618445566,0.46563394055354923
sqlite,1,0,1,q15,2.6666666666666665,483,0.5,0.3070275740390488,0.4275980624021255,0.0,0.0,0.24,1.6477733295201082,0.2080473042730345,0.35130283342170937,0.4474376668963784,0.35130283342170937,0.4474376668963784
sqlite,2,0,1,q15,2.8333333333333335,508,0.46,0.1679917116062455,0.2514568386462119,0.0,0.0,0.24,1.6869693104042545,0.21016132803388676,0.3148157439004088,0.4202841613134503,0.3148157439004088,0.4202841613134503
sqlite,3,0,1,q15,2.8333333333333335,460,0.52,0.35612313041729016,0.39684185512290926,0.0,0.0,0.24,1.6213918380646808,0.1794999655727185,0.46903905596890577,0.5061877580556056,0.366258865144091,0.41616059448771175
sqlite,4,0,1,q15,2.5,511,0.5,0.2503247483483038,0.34312633739732945,0.0,0.0,0.22,1.7181949750743877,0.1984057325369504,0.26336794255268714,0.37177335998027417,0.26336794255268714,0.37177335998027417
sqlite,0,0,1,q11,3.3333333333333335,523,0.42,0.051260192487570536,0.0517648263012965,0.0,0.0,0.26,1.0951557057759809,0.34765232658678175,0.5178876407788129,0.8589656170559425,0.5178876407788129,0.8589656170559425
sqlite,1,0,1,q11,2.3333333333333335,508,0.42,0.09393629593803175,0.09354662023621278,0.0,0.0,0.28,1.1267925840567543,0.3493604238520742,0.5174744108813183,0.8557750766556453,0.5174744108813183,0.8557750766556453
sqlite,2,0,1,q11,3.3333333333333335,544,0.42,0.09369788453841787,0.1615866958608968,0.0,0.0,0.32,1.2749985194027575,0.3984031610080536,0.929480376115252,0.9935899089415748,0.8659374131535742,1.030137239535919
sqlite,3,0,1,q11,3.1666666666666665,501,0.38,0.10869369220148291,0.1371312666209698,0.0,0.0,0.32,1.0610150177065585,0.29861480692318,0.4013352179609632,0.7352886951194318,0.4013352179609632,0.7352886951194318
sqlite,4,0,1,q11,2.8333333333333335,535,0.4,0.09197568941070412,0.1299664065133789,0.0,0.0,0.32,1.230529106427713,0.38705436358075923,0.8084370597819176,0.9567651635524743,0.7451784269521549,0.989471157790676
sqlite,0,0,1,q8,2.8333333333333335,498,0.36,0.007693987815125685,0.01141501290310402,0.0,0.0,0.34,0.9762941056052078,0.04599644082170703,0.0949699789068546,0.05086899912250024,0.09267388015709968,0.048628985857410455
sqlite,1,0,1,q8,3.6666666666666665,510,0.38,0.011136644534775192,0.03665623584375478,0.0,0.0,0.28,0.9794228619807785,0.04566544483186041,0.09470222597080293,0.051250315902545196,0.09470222597080293,0.051250315902545196
sqlite,2,0,1,q8,3.1666666666666665,520,0.38,0.01179691166211953,0.021983374735807616,0.0,0.0,0.3,0.9992133467449886,0.05276520909856687,0.08020095433561526,0.06695806756702982,0.08020095433561526,0.06695806756702982
sqlite,3,0,1,q8,3.0,504,0.36,0.007329296459558334,0.010898277687490405,0.0,0.0,0.28,0.9702227287248124,0.03932947384342174,0.10260566657704305,0.043157886675710876,0.10260566657704305,0.043157886675710876
sqlite,4,0,1,q8,3.0,530,0.4,0.006865581980732497,0.008922623680908733,0.0,0.0,0.22,0.9926765429974501,0.052315105520579316,0.08333580067061526,0.06353503608004793,0.07907313620670091,0.05569023379676159
sqlite,0,0,2,q8-q10,3.0,517,0.38,0.01359955736859547,0.01585999913831947,0.0,0.0,0.32,1.0259764441231531,0.11636344987241329,0.1067762482868995,0.08793905671845188,0.10007993761201112,0.05441293901640037
sqlite,1,0,2,q8-q10,2.8333333333333335,521,0.36,0.02149030045165281,0.055727357594078646,0.0,0.0,0.32,1.032754852759073,0.11509872176127386,0.1038877669717258,0.06381686220670124,0.10125416684359648,0.05722019871390545
sqlite,2,0,2,q8-q10,3.5,533,0.4,0.014171586966398217,0.021298657394427455,0.0,0.0,0.28,1.0818010992054976,0.13472835535448724,0.09098612184094672,0.08921229792987576,0.09234139301737383,0.08256392031116756
sqlite,3,0,2,q8-q10,3.8333333333333335,483,0.4,0.03469632665288523,0.06896739499321428,0.0,0.0,0.22,1.011764990230575,0.09938709522813471,0.11624926380491872,0.07060966848996167,0.13056264877627707,0.09737488696507184
sqlite,4,0,2,q8-q10,3.1666666666666665,532,0.42,0.031031043343607616,0.07984784802108576,0.0,0.0,0.24,1.0652801769061475,0.13152357842406817,0.09621886370937398,0.0784006954504052,0.09849656660840163,0.0879384748376527
sqlite,0,0,3,q8-q10-q2,3.1666666666666665,517,0.5,0.10498926021574026,0.09639108695992417,0.0,0.0,0.34,1.2682347725315268,0.1281305887376793,0.4180163101046852,0.61647458334501,1.4171781561421586,0.4630380618442546
sqlite,1,0,3,q8-q10-q2,3.0,523,0.5,0.08153518752882391,0.1126985333321592,0.0,0.0,0.36,1.284516817969721,0.1284297810886364,0.4306738871479685,0.6223927527801885,1.401452797207582,0.456120649124909
sqlite,2,0,3,q8-q10-q2,3.3333333333333335,535,0.52,0.07663730899136283,0.12253005339979349,0.0,0.0,0.3,1.3353487420305281,0.1443457610232316,0.6882300073776643,0.727384495865687,1.2168103290811516,0.5488236961893183
sqlite,3,0,3,q8-q10-q2,2.6666666666666665,503,0.48,0.0994646059125543,0.08982996395742744,0.0,0.0,0.34,1.2628363508016809,0.11721707016384711,0.3367686952950636,0.5187159503448624,1.4966309541780698,0.39719498241096945
sqlite,4,0,3,q8-q10-q2,2.6666666666666665,536,0.54,0.12164119032790553,0.1969773898806854,0.0,0.0,0.26,1.315067039776366,0.13708885415602218,0.6173459888306654,0.7054310065059203,1.2478865045223269,0.5268076102149533
sqlite,0,0,4,q8-q10-q2-q13,3.3333333333333335,519,0.5,0.10498926021574026,0.09639108695992417,0.0,0.0,0.34,1.2754633252604044,0.12456622471963852,0.4180163101046852,0.61647458334501,1.4171781561421586,0.4630380618442546
sqlite,1,0,4,q8-q10-q2-q13,3.0,521,0.5,0.08412199590680987,0.13528970281794364,0.0,0.0,0.36,1.2913852834088577,0.12566709454951996,0.41415294914249734,0.6293417867082609,1.401452797207582,0.456120649124909
sqlite,2,0,4,q8-q10-q2-q13,3.6666666666666665,535,0.52,0.08173553975552826,0.1184611334662565,0.0,0.0,0.28,1.339549703744714,0.13969591794130923,0.6775694372188096,0.7297008484971805,1.2145462855412053,0.5474614043293607
sqlite,3,0,4,q8-q10-q2-q13,2.6666666666666665,506,0.48,0.09807523684846216,0.09004467917847159,0.0,0.0,0.36,1.2695949471279129,0.11324255195699709,0.3353793262309715,0.5192905840772948,1.4952415851139773,0.3967406406682672
sqlite,4,0,4,q8-q10-q2-q13,2.8333333333333335,539,0.54,0.12007999685093669,0.1910702188228616,0.0,0.0,0.26,1.3216486241549192,0.13308213268624575,0.6227741432377039,0.700550409665048,1.2481606969219867,0.528690854477325
sqlite,0,0,5,q8-q10-q2-q13-q5,3.0,528,0.5,0.4414381466392316,0.6723274268067844,0.0,0.0,0.42,1.2701143212792554,0.2512139592612151,0.5982562400839055,0.6176438241441314,1.4300390249113468,0.5980729163318204
sqlite,1,0,5,q8-q10-q2-q13-q5,3.0,540,0.52,0.3706112594590436,0.4549651611445285,0.0,0.0,0.34,1.3442592795003867,0.23728365734659282,0.6615358287204671,0.5799146370048937,1.527448300627455,0.6459105547955967
sqlite,2,0,5,q8-q10-q2-q13-q5,2.8333333333333335,549,0.52,0.29786895737431884,0.4234779097095852,0.0,0.0,0.4,1.3647825861405634,0.2263561349358729,0.8113852796752432,0.7165953895371774,1.24727894290871,0.7084573561347185
sqlite,3,0,5,q8-q10-q2-q13-q5,2.3333333333333335,504,0.52,0.34872471790988024,0.42799894042347497,0.0,0.0,0.36,1.292741250937299,0.2517715156727094,0.5369327890573878,0.5826823163236683,1.566044938451919,0.5592825565000535
sqlite,4,0,5,q8-q10-q2-q13-q5,3.5,545,0.54,0.3141210709885306,0.41186411275710827,0.0,0.0,0.28,1.3753542797418359,0.2077427322392428,0.8130324953161683,0.6322580901236025,1.334885400960852,0.6949813328935156
sqlite,0,0,6,q8-q10-q2-q13-q5-q7,2.8333333333333335,529,0.5,0.43790775947912064,0.5202581338903376,0.0,0.0,0.38,1.2956198491937967,0.25756183951231226,0.5942458753812495,0.5979911529589351,1.2734260644267705,0.39988581380498195
sqlite,1,0,6,q8-q10-q2-q13-q5-q7,2.6666666666666665,524,0.52,0.5034383958575864,0.5857498795118569,0.0,0.0,0.36,1.3896634271163648,0.2438402896203366,0.6916283950998416,0.6142230164316194,1.396307692326772,0.46757781436799095
sqlite,2,0,6,q8-q10-q2-q13-q5-q7,3.3333333333333335,548,0.52,0.3776409474864079,0.5309740401660544,0.0,0.0,0.38,1.390926774788051,0.23018544867720153,0.9667201404994702,0.8214405852173177,1.1852011154839213,0.47594004012922636
sqlite,3,0,6,q8-q10-q2-q13-q5-q7,2.8333333333333335,505,0.5,0.3641171016435795,0.3326987668411234,0.0,0.0,0.38,1.3372142581250628,0.255826138906,0.6119709767643099,0.5815788174624055,1.435803407162668,0.4238137069295962
sqlite,4,0,6,q8-q10-q2-q13-q5-q7,3.1666666666666665,543,0.54,0.2462905732057094,0.3322840033794813,0.0,0.0,0.3,1.404759337603474,0.20570295519516843,0.8008569930588721,0.676769954268002,1.232463085469524,0.4634891556620547
sqlite,0,0,7,q8-q10-q2-q13-q5-q7-q1,2.5,524,0.48,0.45392360776810436,0.4865756796018821,0.0,0.0,0.4,1.3207024586578813,0.2557911092382405,0.9739351632278774,0.6355805880511332,1.226177480707979,0.30966079941253877
sqlite,1,0,7,q8-q10-q2-q13-q5-q7-q1,2.8333333333333335,528,0.5,0.4822062728353013,0.5904520628006493,0.0,0.0,0.36,1.4250241218543984,0.2517662990230086,0.8699106510472356,0.7166428719725214,1.428320052585225,0.4197990693818192
sqlite,2,0,7,q8-q10-q2-q13-q5-q7-q1,2.8333333333333335,560,0.5,0.41729299902899497,0.46412416882315194,0.0,0.0,0.34,1.4298349130542003,0.2435118229716931,0.9935240923026484,0.6746543444958094,1.2183660408542565,0.4035714004082509
sqlite,3,0,7,q8-q10-q2-q13-q5-q7-q1,2.8333333333333335,520,0.5,0.4140759615407483,0.39827644650066324,0.0,0.0,0.36,1.378135940545133,0.27344862384869084,0.7190625836690141,0.574643476114269,1.3386743197468822,0.358983307627248
sqlite,4,0,7,q8-q10-q2-q13-q5-q7-q1,3.8333333333333335,549,0.54,0.3918690366183077,0.4576029612657349,0.0,0.0,0.26,1.4204020098839825,0.20437698092516202,0.8739724884194645,0.6301343787909063,1.2105604602352216,0.3578134556108243
sqlite,0,0,8,q8-q10-q2-q13-q5-q7-q1-q3,3.3333333333333335,528,0.5,0.4221230079565419,0.46624783767882616,0.0,0.0,0.38,1.308340403154742,0.25216499352506727,0.9522738229198533,0.6444144259885275,1.1819871784915592,0.2505434941075983
sqlite,1,0,8,q8-q10-q2-q13-q5-q7-q1-q3,2.8333333333333335,537,0.52,0.47854093804510495,0.5418652130860322,0.0,0.0,0.34,1.4188203014574166,0.2572191637253471,0.8825525760921905,0.7047080606314984,1.3309635839142449,0.3405486715708391
sqlite,2,0,8,q8-q10-q2-q13-q5-q7-q1-q3,3.1666666666666665,561,0.5,0.3934395679880918,0.4581210466703844,0.0,0.0,0.36,1.427542912634291,0.2518407379315794,1.020541241237188,0.64980419475115,1.1885711676139694,0.31850410319883865
sqlite,3,0,8,q8-q10-q2-q13-q5-q7-q1-q3,3.1666666666666665,519,0.52,0.416818447213816,0.4025032002149593,0.0,0.0,0.34,1.365912353905449,0.2675182472405785,0.7217574240244794,0.5627829618408549,1.2382793876873002,0.2864909820694307
sqlite,4,0,8,q8-q10-q2-q13-q5-q7-q1-q3,2.8333333333333335,556,0.54,0.39654417088678223,0.46470166801691704,0.0,0.0,0.28,1.4190703336511419,0.20933818534542342,0.8952572483505963,0.6094856659180163,1.1645408617607604,0.2715128062202167
sqlite,0,0,9,q8-q10-q2-q13-q5-q7-q1-q3-q9,2.6666666666666665,534,0.5,0.349443894839545,0.37324723916401026,0.0,0.0,0.4,1.3086782184919297,0.24784736157232734,0.9439326172281249,0.6447103747236635,1.1780324184792614,0.24074676098716238
sqlite,1,0,9,q8-q10-q2-q13-q5-q7-q1-q3-q9,2.6666666666666665,538,0.52,0.44751529756401665,0.5088719977657471,0.0,0.0,0.36,1.4152640113706485,0.25855187999319623,0.8711658534068685,0.7009914159575342,1.3223413346933095,0.3412826334361409
sqlite,2,0,9,q8-q10-q2-q13-q5-q7-q1-q3-q9,2.6666666666666665,551,0.5,0.3544461083920297,0.4435059587404042,0.0,0.0,0.3,1.410879347122239,0.23651880525320157,0.9967572753803168,0.6578749382205266,1.1702926513129848,0.29201044046860497
sqlite,3,0,9,q8-q10-q2-q13-q5-q7-q1-q3-q9,3.0,505,0.5,0.4146215668826356,0.36346562454886794,0.0,0.0,0.34,1.344745364454524,0.2482224742305933,0.692263894816251,0.5443904499506671,1.222486023391663,0.2833050404800788
sqlite,4,0,9,q8-q10-q2-q13-q5-q7-q1-q3-q9,2.6666666666666665,543,0.54,0.4410804256066699,0.48956456913783614,0.0,0.0,0.28,1.4202454414488268,0.2125533879677813,0.8147672403756389,0.6711542606752432,1.16612280360165,0.2704836030959948
sqlite,0,0,10,q8-q10-q2-q13-q5-q7-q1-q3-q9-q14,3.0,533,0.5,0.3286346933729993,0.38165024363128275,0.0,0.0,0.42,1.3047828483276198,0.24830050829944328,0.9404539438865072,0.6443530214647462,1.1807398165253105,0.24428993085744144
sqlite,1,0,10,q8-q10-q2-q13-q5-q7-q1-q3-q9-q14,3.5,544,0.52,0.4241621873190446,0.47908681302315403,0.0,0.0,0.36,1.3833582214548459,0.2296617499659001,0.8388153386886331,0.6954165107842557,1.3002597728655878,0.3114744602519627
sqlite,2,0,10,q8-q10-q2-q13-q5-q7-q1-q3-q9-q14,2.6666666666666665,552,0.5,0.37722095573065273,0.4337611692665506,0.0,0.0,0.32,1.4184958874320157,0.24009157688761798,1.0022743957647653,0.6525586696204769,1.179480612405746,0.3026476635537522
sqlite,3,0,10,q8-q10-q2-q13-q5-q7-q1-q3-q9-q14,2.8333333333333335,508,0.52,0.44600592527255023,0.3733781819568365,0.0,0.0,0.34,1.3380385751398935,0.23891395983780642,0.6857819032005419,0.545997649800414,1.220195275272029,0.27023476491631765
sqlite,4,0,10,q8-q10-q2-q13-q5-q7-q1-q3-q9-q14,3.0,556,0.54,0.3427140502301018,0.44200437710637225,0.0,0.0,0.3,1.4130321341667265,0.2168390907174208,0.8039596002822436,0.6737952494162118,1.1655610595028565,0.2797565973640247
sqlite,0,0,11,q8-q10-q2-q13-q5-q7-q1-q3-q9-q14-q6,3.0,533,0.5,0.42029152773104156,0.5414035491339309,0.0,0.0,0.4,1.2942447386864728,0.2448135785364431,0.9288645999307541,0.6512697249916463,1.1162774094655281,0.21089271635075307
sqlite,1,0,11,q8-q10-q2-q13-q5-q7-q1-q3-q9-q14-q6,2.6666666666666665,543,0.52,0.3463221521871597,0.41623988407320284,0.0,0.0,0.38,1.380947752768494,0.2229854174949811,0.8311015435223673,0.6884528158219699,1.2283050422769772,0.24747859455955987
sqlite,2,0,11,q8-q10-q2-q13-q5-q7-q1-q3-q9-q14-q6,3.0,550,0.5,0.5503938889547514,0.7144108175246255,0.0,0.0,0.3,1.4184388024742298,0.24158591728267395,0.9941230523337011,0.658209422940396,1.1573418704796294,0.26366645195911903
sqlite,3,0,11,q8-q10-q2-q13-q5-q7-q1-q3-q9-q14-q6,3.6666666666666665,508,0.52,0.3880177864409066,0.3676404362618526,0.0,0.0,0.34,1.31026744061878,0.2267880809188296,0.669119325850078,0.5515858065543973,1.135996538584508,0.21832055183731983
sqlite,4,0,11,q8-q10-q2-q13-q5-q7-q1-q3-q9-q14-q6,2.6666666666666665,558,0.54,0.36609198193683923,0.46444304569514905,0.0,0.0,0.3,1.3940640952940595,0.22119394573374904,0.7817680779990852,0.686358216701848,1.1342071499204267,0.2457747816536733
sqlite,0,0,12,q8-q10-q2-q13-q5-q7-q1-q3-q9-q14-q6-q12,2.6666666666666665,523,0.5,0.45615678639918383,0.5542236339622769,0.0,0.0,0.42,1.2939890579043603,0.24631000106841316,0.9290342504158461,0.652166456034512,1.0838013118034793,0.2010939766957353
sqlite,1,0,12,q8-q10-q2-q13-q5-q7-q1-q3-q9-q14-q6-q12,2.6666666666666665,530,0.52,0.2953279894850335,0.36128929394847886,0.0,0.0,0.38,1.3455246947981467,0.2103943412824898,0.791837371851481,0.6658924922523951,1.1548058218866748,0.21332488607266314
sqlite,2,0,12,q8-q10-q2-q13-q5-q7-q1-q3-q9-q14-q6-q12,2.6666666666666665,553,0.5,0.3709418054916205,0.3874082816731332,0.0,0.0,0.34,1.3760155658689721,0.2196982255987932,0.9738321215382137,0.6694851037355588,1.1031078901954356,0.1908551265205825
sqlite,3,0,12,q8-q10-q2-q13-q5-q7-q1-q3-q9-q14-q6-q12,3.5,510,0.52,0.38323184501139906,0.35500539065047154,0.0,0.0,0.34,1.2998773612746017,0.2243460923083021,0.653911792355239,0.5483572710784498,1.0794343791386298,0.20109431151877358
sqlite,4,0,12,q8-q10-q2-q13-q5-q7-q1-q3-q9-q14-q6-q12,3.0,549,0.54,0.34575608267816044,0.44596470154729073,0.0,0.0,0.34,1.3894199915953582,0.2107395015881301,0.7907075446748487,0.6731744651554958,1.1090696319377185,0.2180963318766588
sqlite,0,0,13,q8-q10-q2-q13-q5-q7-q1-q3-q9-q14-q6-q12-q4,3.0,520,0.5,0.44516951776879604,0.5580708104644633,0.0,0.0,0.4,1.2890466265611007,0.24553404816088234,0.9223733232828892,0.6548920649622927,1.0535957049897593,0.22627370023056848
sqlite,1,0,13,q8-q10-q2-q13-q5-q7-q1-q3-q9-q14-q6-q12-q4,2.5,530,0.52,0.33376560902403385,0.4779923077382377,0.0,0.0,0.4,1.3335607198984127,0.20576064337817337,0.7764308299791336,0.6690817692284535,1.10178974521689,0.18718240198364758
sqlite,2,0,13,q8-q10-q2-q13-q5-q7-q1-q3-q9-q14-q6-q12-q4,2.3333333333333335,552,0.5,0.3336698894016657,0.3662463145647295,0.0,0.0,0.3,1.3774253315301552,0.21904279547949537,0.9859384751280079,0.6544145659773907,1.093545147485222,0.1902883319444119
sqlite,3,0,13,q8-q10-q2-q13-q5-q7-q1-q3-q9-q14-q6-q12-q4,2.6666666666666665,502,0.52,0.3416070781596049,0.3469597094658657,0.0,0.0,0.32,1.29951538524691,0.22196974178878326,0.6518369482170941,0.5482739546871606,1.0467378544931196,0.19737608872699375
sqlite,4,0,13,q8-q10-q2-q13-q5-q7-q1-q3-q9-q14-q6-q12-q4,2.8333333333333335,538,0.54,0.2992762240539936,0.41059147800843493,0.0,0.0,0.3,1.3804333760859286,0.21770861043029438,0.7886030435265589,0.684665909225906,1.0758993646823025,0.2273227761175415
sqlite,0,0,14,q8-q10-q2-q13-q5-q7-q1-q3-q9-q14-q6-q12-q4-q15,3.0,531,0.5,0.6292719698464937,0.97062720606171,0.0,0.0,0.4,1.3426051082252428,0.23006152072186747,0.7151273856897519,0.570224795631666,1.118380142612034,0.2287906181949193
sqlite,1,0,14,q8-q10-q2-q13-q5-q7-q1-q3-q9-q14-q6-q12-q4-q15,3.1666666666666665,526,0.52,0.35295429526950217,0.450382270652022,0.0,0.0,0.36,1.3683838321364592,0.21455405210886372,0.9942120836144973,0.9418047024144311,1.1380949634033284,0.19824768304398221
sqlite,2,0,14,q8-q10-q2-q13-q5-q7-q1-q3-q9-q14-q6-q12-q4-q15,2.3333333333333335,550,0.52,0.3622252767974846,0.4075699992799823,0.0,0.0,0.26,1.3514457698011766,0.20238147373076307,1.1368875569810277,0.8664864767279638,1.0809584259042682,0.21720829615967138
sqlite,3,0,14,q8-q10-q2-q13-q5-q7-q1-q3-q9-q14-q6-q12-q4-q15,2.5,512,0.52,0.5688256922495224,0.591279509835108,0.0,0.0,0.32,1.3459691626272754,0.23247551889564558,0.7703544912008359,0.6159909512158913,1.0908069101723137,0.25586510079145164
sqlite,4,0,14,q8-q10-q2-q13-q5-q7-q1-q3-q9-q14-q6-q12-q4-q15,2.8333333333333335,557,0.54,0.3130571129843765,0.4374876248251192,0.0,0.0,0.32,1.4145667253853205,0.1955127397205772,0.9105193122734818,0.6528081837990669,1.101752351314729,0.2546833066838551
sqlite,0,0,15,q8-q10-q2-q13-q5-q7-q1-q3-q9-q14-q6-q12-q4-q15-q11,3.0,531,0.5,0.6292719698464937,0.97062720606171,0.0,0.0,0.4,1.3446162915682085,0.22933449120686697,0.7151273856897519,0.570224795631666,1.089758045349746,0.22893713159271162
sqlite,1,0,15,q8-q10-q2-q13-q5-q7-q1-q3-q9-q14-q6-q12-q4-q15-q11,3.1666666666666665,526,0.52,0.35295429526950217,0.450382270652022,0.0,0.0,0.36,1.3704323565197556,0.2145666935865727,0.9942120836144973,0.9418047024144311,1.1106297965728624,0.19901262893726515
sqlite,2,0,15,q8-q10-q2-q13-q5-q7-q1-q3-q9-q14-q6-q12-q4-q15-q11,2.3333333333333335,550,0.52,0.3622252767974846,0.4075699992799823,0.0,0.0,0.26,1.3532676775738934,0.20139085042176996,1.1368875569810277,0.8664864767279638,1.0707983359842357,0.2024742977662632
sqlite,3,0,15,q8-q10-q2-q13-q5-q7-q1-q3-q9-q14-q6-q12-q4-q15-q11,2.5,512,0.52,0.5688256922495224,0.591279509835108,0.0,0.0,0.32,1.3483486820609234,0.23212377342004395,0.7703544912008359,0.6159909512158913,1.0666624604201145,0.27024601734084347
sqlite,4,0,15,q8-q10-q2-q13-q5-q7-q1-q3-q9-q14-q6-q12-q4-q15-q11,2.8333333333333335,557,0.54,0.3130571129843765,0.4374876248251192,0.0,0.0,0.32,1.4167881389078265,0.1948164460691098,0.9105193122734818,0.6528081837990669,1.0799415542379687,0.24554198827744436
x264,0,0,1,kbs,1.1428571428571428,3719,0.1044776119402985,0.4480784870287436,0.9057059845061627,0.0,0.0,0.07462686567164178,3.3541415866785225,0.8422238368749212,0.7193882963706797,0.8299393076350489,0.7193882963706797,0.8299393076350489
x264,1,0,1,kbs,1.0952380952380953,3556,0.0945273631840796,0.30674434179355053,0.5600199443556858,0.0,0.0,0.07462686567164178,3.351972489606962,0.8147305908397087,0.6797150254791521,0.7834378256461754,0.6797150254791521,0.7834378256461754
x264,2,0,1,kbs,1.2380952380952381,3723,0.10945273631840796,0.47323827720787215,1.0917994246221792,0.0,0.0,0.07960199004975124,3.4073306597227586,0.9553753878460503,0.7458216726456465,1.0698729296581289,0.7458216726456465,1.0698729296581289
x264,3,0,1,kbs,1.1904761904761905,3683,0.10945273631840796,0.38199932260150826,0.6905270033818797,0.0,0.0,0.05970149253731343,3.369540819167678,0.8244579845565216,0.6508732729585025,0.7480113726407531,0.6508732729585025,0.7480113726407531
x264,4,0,1,kbs,1.380952380952381,3766,0.1044776119402985,0.3364770927814533,0.6597075381411889,0.0,0.0,0.05472636815920398,3.360198925180322,0.7182221426632339,0.638317498933707,0.7244367241348918,0.638317498933707,0.7244367241348918
x264,0,0,1,etime,1.380952380952381,5551,0.12935323383084577,0.020895636380577003,0.036112974717228935,0.0,0.0,0.1044776119402985,0.66150942034704,0.056968754880902986,0.0212974801202649,0.041653746228200735,0.0212974801202649,0.041653746228200735
x264,1,0,1,etime,1.4761904761904763,5583,0.12437810945273632,0.018900946134630267,0.04081493022940976,0.0,0.0,0.1044776119402985,0.667716422538752,0.06768389101653169,0.02115088648326089,0.06551943846073913,0.01839608889207647,0.04396708628698368
x264,2,0,1,etime,1.4761904761904763,5553,0.11940298507462686,0.023070771212040007,0.06735741835190771,0.0,0.0,0.0945273631840796,0.6618238898770704,0.08713007424676056,0.019879651771916747,0.08630599395366004,0.019879651771916747,0.08630599395366004
x264,3,0,1,etime,1.5238095238095237,5574,0.12437810945273632,0.01784342226536806,0.024910187066978538,0.0,0.0,0.0945273631840796,0.6617043439007384,0.05663810668454887,0.018612023725330017,0.032745050215781175,0.014416104422047831,0.0206284598618489
x264,4,0,1,etime,1.5238095238095237,5592,0.12437810945273632,0.017214981150885877,0.03754139115838231,0.0,0.0,0.1044776119402985,0.6604398569624527,0.07390835811219805,0.017610470382621684,0.034819642076214595,0.017610470382621684,0.034819642076214595
x264,0,0,1,fps,1.5714285714285714,5506,0.12437810945273632,0.23172300197059645,0.21596315900136034,0.0,0.0,0.09950248756218906,2.2985028596677526,0.45934501567936425,0.23914577852704313,0.2206998962192389,0.21507141520432962,0.2001520800822279
x264,1,0,1,fps,1.619047619047619,5469,0.12437810945273632,0.22863840409555355,0.21789339157483392,0.0,0.0,0.09950248756218906,2.3476416919731604,0.4550628644827961,0.21943042206484697,0.20989188744854925,0.20397624825491745,0.20029852284769814
x264,2,0,1,fps,1.8095238095238095,5560,0.11940298507462686,0.20500937510655942,0.17509216476764583,0.0,0.0,0.0945273631840796,2.3302753631598714,0.48318315066998224,0.21294645369513948,0.17282100902228076,0.2010251619239011,0.18342276221509543
x264,3,0,1,fps,1.5238095238095237,5550,0.12935323383084577,0.2343406241317471,0.2213127049957967,0.0,0.0,0.0945273631840796,2.3250678067951913,0.4659192081511557,0.22226194288522996,0.21463750815272092,0.22226194288522996,0.21463750815272092
x264,4,0,1,fps,1.4285714285714286,5466,0.11940298507462686,0.20716796583640412,0.16874760627834626,0.0,0.0,0.09950248756218906,2.3132786620403527,0.4916179594348183,0.2047583349274267,0.1972331555934193,0.2047583349274267,0.1972331555934193
x264,0,0,1,cpu,1.380952380952381,3289,0.1890547263681592,0.0561869355884527,0.13637721454403315,0.0,0.0,0.1044776119402985,1.8279775540878256,0.5046392179740331,0.2454549918388201,0.27909336905142135,0.2454549918388201,0.27909336905142135
x264,1,0,1,cpu,1.3333333333333333,3163,0.16417910447761194,0.06603934884899408,0.17964895086344082,0.0,0.0,0.13432835820895522,1.8559637160345153,0.4926318300109261,0.2265863972223794,0.30642323913021646,0.2265863972223794,0.30642323913021646
x264,2,0,1,cpu,1.3333333333333333,3184,0.18407960199004975,0.06505510590229317,0.15455234832982376,0.0,0.0,0.1044776119402985,1.8268829847732488,0.47318271149164093,0.24200680330806507,0.3198788087369069,0.24200680330806507,0.3198788087369069
x264,3,0,1,cpu,1.5238095238095237,3302,0.17412935323383086,0.08829690900748285,0.2845915434659506,0.0,0.0,0.1044776119402985,1.828633627185107,0.46883518952502523,0.22906295289190962,0.27075602773055163,0.22906295289190962,0.27075602773055163
x264,4,0,1,cpu,1.380952380952381,3199,0.17412935323383086,0.06317793554512342,0.14532415953456593,0.0,0.0,0.11442786069651742,1.8516059347247267,0.48465156870791554,0.23875283228243707,0.2931286434369409,0.23875283228243707,0.2931286434369409
x264,0,0,1,kbs,1.1428571428571428,3719,0.1044776119402985,0.4480784870287436,0.9057059845061627,0.0,0.0,0.07462686567164178,3.3541415866785225,0.8422238368749212,0.7193882963706797,0.8299393076350489,0.7193882963706797,0.8299393076350489
x264,1,0,1,kbs,1.0952380952380953,3556,0.0945273631840796,0.30674434179355053,0.5600199443556858,0.0,0.0,0.07462686567164178,3.351972489606962,0.8147305908397087,0.6797150254791521,0.7834378256461754,0.6797150254791521,0.7834378256461754
x264,2,0,1,kbs,1.2380952380952381,3723,0.10945273631840796,0.47323827720787215,1.0917994246221792,0.0,0.0,0.07960199004975124,3.4073306597227586,0.9553753878460503,0.7458216726456465,1.0698729296581289,0.7458216726456465,1.0698729296581289
x264,3,0,1,kbs,1.1904761904761905,3683,0.10945273631840796,0.38199932260150826,0.6905270033818797,0.0,0.0,0.05970149253731343,3.369540819167678,0.8244579845565216,0.6508732729585025,0.7480113726407531,0.6508732729585025,0.7480113726407531
x264,4,0,1,kbs,1.380952380952381,3766,0.1044776119402985,0.3364770927814533,0.6597075381411889,0.0,0.0,0.05472636815920398,3.360198925180322,0.7182221426632339,0.638317498933707,0.7244367241348918,0.638317498933707,0.7244367241348918
x264,0,0,2,kbs-etime,1.5714285714285714,5563,0.12437810945273632,0.03834780438282798,0.11803085117746118,0.0,0.0,0.10945273631840796,1.154616738108287,0.06768008857632857,0.022395810174969305,0.05430001771893403,0.027075494889541928,0.07206115789319915
x264,1,0,2,kbs-etime,1.5238095238095237,5554,0.13930348258706468,0.033137437608579276,0.10863186302825383,0.0,0.0,0.09950248756218906,1.1600758657084125,0.07265647235766609,0.031308531971778596,0.08708956365094894,0.032188729101446684,0.09415399568575733
x264,2,0,2,kbs-etime,1.4761904761904763,5522,0.12935323383084577,0.028827256681619184,0.10739828819328896,0.0,0.0,0.09950248756218906,1.1526961050581834,0.07904805029251788,0.024417381083955993,0.07151262979388245,0.02449665771286912,0.07644762396231387
x264,3,0,2,kbs-etime,1.5714285714285714,5600,0.13432835820895522,0.03083899332715329,0.09341518510933326,0.0,0.0,0.09950248756218906,1.1514261607213652,0.06786276740191075,0.021581673792287516,0.06436972670878707,0.022735193726311956,0.07164121620227062
x264,4,0,2,kbs-etime,1.6666666666666667,5590,0.13432835820895522,0.03242204628406004,0.1102983844666458,0.0,0.0,0.09950248756218906,1.155352734262224,0.0797574792939386,0.0158187312553901,0.025296059606688424,0.020405886427636945,0.04652913187497391
x264,0,0,3,kbs-etime-fps,1.5714285714285714,5563,0.12437810945273632,0.03841447628658098,0.11824716221037745,0.0,0.0,0.10945273631840796,1.2833491796843006,0.07559367682852333,0.02246151523704534,0.054580718913804796,0.027905272471296084,0.07999757636036109
x264,1,0,3,kbs-etime-fps,1.5238095238095237,5554,0.13930348258706468,0.033137437608579276,0.10863186302825383,0.0,0.0,0.09950248756218906,1.2879120181621837,0.08067776832144063,0.031308531971778596,0.08708956365094894,0.03272407997360233,0.09716391951971005
x264,2,0,3,kbs-etime-fps,1.4761904761904763,5522,0.12935323383084577,0.028827256681619184,0.10739828819328896,0.0,0.0,0.09950248756218906,1.2800389207877287,0.08477914819726985,0.024417381083955993,0.07151262979388245,0.025666172349410453,0.08128155144248918
x264,3,0,3,kbs-etime-fps,1.5714285714285714,5600,0.13432835820895522,0.03083899332715329,0.09341518510933326,0.0,0.0,0.09950248756218906,1.2794131227498864,0.07299178993114712,0.021581673792287516,0.06436972670878707,0.024492725601425902,0.07603969596680536
x264,4,0,3,kbs-etime-fps,1.6666666666666667,5590,0.13432835820895522,0.03247650208267417,0.11053794996215184,0.0,0.0,0.09950248756218906,1.280830917067035,0.08402277369123334,0.0158187312553901,0.025296059606688424,0.02180092537750785,0.05811587214764617
x264,0,0,4,kbs-etime-fps-cpu,1.4761904761904763,5541,0.10945273631840796,0.03230222340418192,0.10354929635852636,0.0,0.0,0.1044776119402985,1.378018773476376,0.08727851108388722,0.025680208587644453,0.08186189107107011,0.46729110887721836,0.07980129016619907
x264,1,0,4,kbs-etime-fps-cpu,1.5238095238095237,5550,0.11442786069651742,0.03525387597858057,0.10486834171074011,0.0,0.0,0.09950248756218906,1.389568827624288,0.08721962508278097,0.027614263617723254,0.06712298748357769,0.470767723442434,0.082300443643926
x264,2,0,4,kbs-etime-fps-cpu,1.4761904761904763,5465,0.11442786069651742,0.025005812653309187,0.06480282808100693,0.0,0.0,0.0845771144278607,1.380410226896183,0.09107856371259826,0.025442029166222617,0.06207612643431933,0.46406189659470476,0.07706932165932455
x264,3,0,4,kbs-etime-fps-cpu,1.4285714285714286,5531,0.11442786069651742,0.03038369982911209,0.09072846202529948,0.0,0.0,0.09950248756218906,1.38535891888229,0.08680367497305519,0.02617042837678998,0.05810938493104685,0.4715773776803079,0.08108526632173992
x264,4,0,4,kbs-etime-fps-cpu,1.5714285714285714,5551,0.11940298507462686,0.024487952517241517,0.0719427864380664,0.0,0.0,0.08955223880597014,1.382603991218012,0.09236093364429165,0.02261216945564253,0.07833501151116788,0.46219101446781097,0.07792931843749452
xz,0,0,1,size,1.1666666666666667,60,0.1,0.13171018464657203,0.4163816134211033,0.0,0.0,0.1,0.9630411432000747,0.16297434605879585,3.488560942473962e-05,0.00011031798334521355,3.488560942473962e-05,0.00011031798334521355
xz,1,0,1,size,1.0,52,0.1,0.20365792365689855,0.6439452612028969,0.0,0.0,0.1,0.8855721472547371,0.08084030977107616,0.0,0.0,0.0,0.0
xz,2,0,1,size,1.3333333333333333,73,0.1,0.40818727427440055,0.8594879933061949,0.0,0.0,0.06666666666666667,0.8464425897709725,0.027460403724513832,0.0,0.0,0.0,0.0
xz,3,0,1,size,1.3333333333333333,65,0.1,0.0,0.0,0.0,0.0,0.1,0.8713196748314258,0.06837624147829914,0.0,0.0,0.0,0.0
xz,4,0,1,size,1.1666666666666667,80,0.1,0.00010631402447409183,0.0003189420734222755,0.0,0.0,0.06666666666666667,0.8782154886352319,0.09873746209930259,0.0,0.0,0.0,0.0
xz,0,0,1,time,1.8333333333333333,211,0.36666666666666664,0.42055131687927344,0.5522855948391359,0.0,0.0,0.26666666666666666,1.6099518539517361,0.4074039556955737,1.0281576349542194,1.21919052816325,0.33179688909968463,0.4975817545980901
xz,1,0,1,time,1.8333333333333333,199,0.36666666666666664,0.08161171892809713,0.14246182799085697,0.0,0.0,0.26666666666666666,1.4743846117866977,0.40739107279833914,0.4075103876020266,0.6202467420913469,0.1965791286820467,0.2542297100387701
xz,2,0,1,time,1.6666666666666667,198,0.36666666666666664,0.1703687982374328,0.2185654603500646,0.0,0.0,0.26666666666666666,1.29788531849734,0.15902169884252662,0.1432160127278424,0.11886698946854853,0.1432160127278424,0.11886698946854853
xz,3,0,1,time,2.0,214,0.36666666666666664,0.5264122476932421,0.847598163917795,0.0,0.0,0.2,1.5056166656506198,0.29633007301700226,0.5154569480181416,0.6247728985468084,0.5154569480181416,0.6247728985468084
xz,4,0,1,time,2.0,204,0.36666666666666664,0.12292764846199596,0.11972578611111476,0.0,0.0,0.2,1.3912072440658314,0.20244740244750414,0.12848598772453615,0.11111519493215932,0.12848598772453615,0.11111519493215932
xz,0,0,1,size,1.1666666666666667,60,0.1,0.13171018464657203,0.4163816134211033,0.0,0.0,0.1,0.9630411432000747,0.16297434605879585,3.488560942473962e-05,0.00011031798334521355,3.488560942473962e-05,0.00011031798334521355
xz,1,0,1,size,1.0,52,0.1,0.20365792365689855,0.6439452612028969,0.0,0.0,0.1,0.8855721472547371,0.08084030977107616,0.0,0.0,0.0,0.0
xz,2,0,1,size,1.3333333333333333,73,0.1,0.40818727427440055,0.8594879933061949,0.0,0.0,0.06666666666666667,0.8464425897709725,0.027460403724513832,0.0,0.0,0.0,0.0
xz,3,0,1,size,1.3333333333333333,65,0.1,0.0,0.0,0.0,0.0,0.1,0.8713196748314258,0.06837624147829914,0.0,0.0,0.0,0.0
xz,4,0,1,size,1.1666666666666667,80,0.1,0.00010631402447409183,0.0003189420734222755,0.0,0.0,0.06666666666666667,0.8782154886352319,0.09873746209930259,0.0,0.0,0.0,0.0
xz,0,0,2,size-time,2.0,222,0.4666666666666667,0.4404256156668436,0.47806544350267977,0.0,0.0,0.2,1.051497383066394,0.5083555630335765,0.6535541184858329,0.458331581099513,1.0446658613604,0.5817632684325594
xz,1,0,2,size-time,1.8333333333333333,220,0.43333333333333335,0.3463441762611527,0.4103147924744442,0.0,0.0,0.23333333333333334,0.8600945534313331,0.43703209056282044,0.4726439027339988,0.6166172847541053,0.8817659596223635,0.5216240987217272
xz,2,0,2,size-time,1.5,199,0.4666666666666667,0.3664481501508171,0.5179087228137514,0.0,0.0,0.26666666666666666,0.6729872393066436,0.37377504576686227,0.20255830673827163,0.17059670102001004,0.8491347310922919,0.5130463144856723
xz,3,0,2,size-time,2.3333333333333335,211,0.4,0.32111730871007704,0.26846755130565264,0.0,0.0,0.16666666666666666,0.6523237660786293,0.3860535635813677,0.3290049868624325,0.5092023435493949,0.650424535568323,0.3316550152751072
xz,4,0,2,size-time,1.8333333333333333,220,0.4666666666666667,0.167108979340239,0.18390115245740976,0.0,0.0,0.26666666666666666,0.5629804435778085,0.4026919564893022,0.21524742318853918,0.24968095245133468,0.5999049300836362,0.3727201033293204
